snp	position	beta	varbeta	MAF
s1	1	0.342811844200231	0.0232065908555903	0.0405
s2	2	0.50220161654629	0.00730309553104403	0.149
s3	3	0.541376893586135	0.0099122158949859	0.0955
s4	4	0.232777429618121	0.0204957909500746	0.0485
s5	5	0.53619300116209	0.00874822510351036	0.11
s6	6	0.442997357156611	0.012979743114632	0.073
s7	7	0.446776477474538	0.0115845730706377	0.0795
s8	8	0.227506764461536	0.024102459942335	0.038
s9	9	0.625903016322538	0.00647417536037373	0.234
s10	10	0.45430300846498	0.0078916590879154	0.131
s11	11	0.483299063100889	0.00860093359279251	0.1115
s12	12	0.262679240872101	0.0211036914143458	0.0415
s13	13	0.580713525881367	0.00679732503163356	0.171
s14	14	0.614804003543393	0.00658490796744946	0.1975
s15	15	0.495252927946627	0.0108198263515994	0.0825
s16	16	0.541603162354433	0.0102394230990572	0.09
s17	17	0.540187843367166	0.00826035295539219	0.1185
s18	18	0.41128549476489	0.0162048687016981	0.0505
s19	19	0.368424558060652	0.0158902795541881	0.0505
s20	20	0.557055213812264	0.00730683674716455	0.151
s21	21	0.488845244561362	0.00835147088720876	0.1175
s22	22	0.499789771693327	0.00822810649811656	0.118
s23	23	0.316067655715884	0.0246447210703882	0.0325
s24	24	0.587128042138853	0.00741882272138078	0.143
s25	25	0.582672819625375	0.00765712813216134	0.131
s26	26	0.632173064950469	0.00648210127084081	0.223
s27	27	0.544256390923099	0.00942612754744322	0.098
s28	28	0.702803116848468	0.00638897523675807	0.2485
s29	29	0.689314832736984	0.00661008220737335	0.282
s30	30	0.618335742381977	0.00748013829860451	0.1405
s31	31	0.57957825518441	0.00881899928945385	0.1065
s32	32	0.600968176533278	0.00811651037254895	0.126
s33	33	0.691706740860492	0.00685290210480669	0.308
s34	34	0.347998393884398	0.018952786534167	0.0405
s35	35	0.61025594619816	0.0071432141169106	0.154
s36	36	0.385056107267667	0.0323247981939885	0.022
s37	37	0.320673679296712	0.0217364601745617	0.037
s38	38	0.364549326939474	0.0229282956997151	0.035
s39	39	0.62231920178356	0.00726199568075983	0.1525
s40	40	0.649159202805842	0.00707495009461766	0.161
s41	41	0.640037836771689	0.00661427493431884	0.1915
s42	42	0.701126714004384	0.00646135370311903	0.26
s43	43	0.44217582061538	0.0106146374104388	0.0785
s44	44	0.37397969378404	0.0179750913752295	0.0435
s45	45	0.401079668800707	0.011837553836979	0.0675
s46	46	0.697288952088585	0.00647646315789861	0.266
s47	47	0.708713078948426	0.00687784146554548	0.3015
s48	48	0.702976440763657	0.00661214653008327	0.2805
s49	49	0.633288327442655	0.00780418765599236	0.1325
s50	50	0.658586524505226	0.00658585837660848	0.193
s51	51	0.608909007493499	0.00783453227149176	0.1315
s52	52	0.392832037110939	0.0121856767311829	0.067
s53	53	0.714532608456632	0.00638160495311319	0.213
s54	54	0.749830744532824	0.0064327142960728	0.27
s55	55	0.322625584446454	0.0243413621730001	0.029
s56	56	0.460073251063554	0.0150663631030001	0.0515
s57	57	0.624257645118597	0.00821978796664897	0.1165
s58	58	0.777348314198243	0.0063945141081476	0.1955
s59	59	0.719209987351999	0.00705778192359058	0.311
s60	60	0.762028476517201	0.0063817983118882	0.192
s61	61	0.336845071827658	0.0246311280449124	0.031
s62	62	0.533529791987909	0.01110042890072	0.08
s63	63	0.364592904408558	0.0243124636577639	0.03
s64	64	0.369222177423312	0.0196443739672996	0.0395
s65	65	0.34180880597337	0.0198500380391753	0.038
s66	66	0.740898482997585	0.00661482976526352	0.284
s67	67	0.360753484932581	0.034693352397216	0.019
s68	68	0.781223974081649	0.00672871723984558	0.16
s69	69	0.810558263436846	0.00620971235218146	0.2265
s70	70	0.640227351973424	0.00740214313928465	0.138
s71	71	0.76256128216186	0.00628404998641514	0.2395
s72	72	0.395607043894182	0.0280895309100818	0.024
s73	73	0.80742975859264	0.00623824763400896	0.2155
s74	74	0.659687608167609	0.00874405281255189	0.102
s75	75	0.799353491177206	0.00644082766310135	0.1875
s76	76	0.378849930890056	0.016852263370939	0.056
s77	77	0.333668857636933	0.0212783927557994	0.042
s78	78	0.851868448450819	0.00652309030938085	0.305
s79	79	0.350222419145379	0.0208376831875086	0.0435
s80	80	0.79208698769562	0.00694742241440238	0.148
s81	81	0.79779370033432	0.00712648259069208	0.1445
s82	82	0.867544271538098	0.00656255212834749	0.307
s83	83	0.829287108163801	0.00624695274071288	0.267
s84	84	0.788483590641622	0.00711761428391058	0.144
s85	85	0.314644703830828	0.0266240041228538	0.0255
s86	86	0.397070611910695	0.0155373048155151	0.0585
s87	87	0.838680090986856	0.00641906498088049	0.175
s88	88	0.692216051515246	0.00792652832247934	0.122
s89	89	0.834376929929533	0.00657411167834447	0.1635
s90	90	0.80547377226447	0.00642593649844542	0.2835
s91	91	0.477304641491474	0.0121714802323371	0.08
s92	92	0.788650087761495	0.00624523048912134	0.2295
s93	93	0.743361480283374	0.00742967564889053	0.132
s94	94	0.718379842725895	0.00750847772584358	0.127
s95	95	0.414909698125319	0.0162018684017037	0.0575
s96	96	0.73106531167821	0.00811395721431294	0.112
s97	97	0.787966489536031	0.00681968581447667	0.1555
s98	98	0.536957294872962	0.0113923971765316	0.0815
s99	99	0.40189217847551	0.0154266945518004	0.0575
s100	100	0.734001681247573	0.00750006411104012	0.127
s101	101	0.387482458842225	0.0219218404772079	0.038
s102	102	0.483207480558469	0.0132301358682891	0.071
s103	103	0.868843652498135	0.00646624647417169	0.2965
s104	104	0.539995331334713	0.00922880684948672	0.0985
s105	105	0.892921191900523	0.00637829596011077	0.296
s106	106	0.273348860549026	0.0266483344736406	0.0325
s107	107	0.323083347105717	0.0229568662033174	0.04
s108	108	0.823762894745201	0.00623322652821365	0.21
s109	109	0.829662722026453	0.00633502463389689	0.2705
s110	110	0.555370872154096	0.0108454083052689	0.0835
s111	111	0.608063674684783	0.0092068082772974	0.1055
s112	112	0.774314695003632	0.00626595024909425	0.2305
s113	113	0.813356744962754	0.006273173094611	0.1965
s114	114	0.247944602217257	0.0227434362712652	0.045
s115	115	0.722984142114776	0.00665972540487886	0.173
s116	116	0.766503900188877	0.00641929116600231	0.2645
s117	117	0.530207138632255	0.0157446052507068	0.06
s118	118	0.737081626265257	0.00673462110879443	0.1635
s119	119	0.560274301946188	0.00849907877784001	0.1155
s120	120	0.762290394278929	0.00650393821280557	0.272
s121	121	0.790589958206551	0.00634072748712941	0.1945
s122	122	0.606024832332589	0.00793568902945569	0.1285
s123	123	0.47613219004149	0.0171693708438869	0.055
s124	124	0.81887814387231	0.00619522182985539	0.23
s125	125	0.752395909489807	0.00689269704840262	0.3065
s126	126	0.736317189215449	0.00665948902528252	0.166
s127	127	0.366712795711698	0.02401957522624	0.0405
s128	128	0.522253054287303	0.014246347972697	0.0665
s129	129	0.567811569602578	0.00908852225174042	0.1035
s130	130	0.668155600269852	0.00787314751082113	0.123
s131	131	0.298985632105564	0.0318479159311827	0.0235
s132	132	0.698203143797419	0.00710826910464748	0.1555
s133	133	0.763831874205469	0.00650676219421917	0.189
s134	134	0.279532369277532	0.027769863679791	0.0335
s135	135	0.541829143881274	0.0109511942431737	0.081
s136	136	0.233408489819923	0.0266686151113595	0.036
s137	137	0.597354431654625	0.00771137771505077	0.131
s138	138	0.785290591555879	0.00626462779475126	0.2435
s139	139	0.755444302506919	0.00629484778494799	0.2355
s140	140	0.426324880153009	0.0179331153310665	0.0495
s141	141	0.623342640895564	0.00767959040949843	0.1315
s142	142	0.731672476202755	0.00638634448299393	0.2085
s143	143	0.382061881410244	0.0389721367396794	0.0215
s144	144	0.635964291418852	0.00987076543786665	0.0975
s145	145	0.569822523903092	0.0125784662737118	0.0735
s146	146	0.374619483297076	0.02193166302094	0.039
s147	147	0.729579460710538	0.00671687153580904	0.288
s148	148	0.526118754541417	0.0130409155841916	0.069
s149	149	0.769170123988397	0.00640718717623439	0.2575
s150	150	0.572595154014272	0.00830126545130593	0.1235
s151	151	0.648740887674047	0.00681458005993343	0.1755
s152	152	0.549797738834512	0.0109424780783757	0.091
s153	153	0.54773882335333	0.0130900617572576	0.0735
s154	154	0.324077033620994	0.0382210320429368	0.019
s155	155	0.437745881093862	0.0188821266401103	0.043
s156	156	0.782097475160528	0.00671156446408175	0.2875
s157	157	0.742955024992235	0.00634938161712061	0.2445
s158	158	0.755641229707337	0.00685191804196007	0.2935
s159	159	0.531531003863736	0.0107825019573823	0.0975
s160	160	0.512638827823859	0.00765212826519627	0.1405
s161	161	0.501411299118937	0.0163646279636885	0.0565
s162	162	0.714881601195034	0.00702382630677235	0.304
s163	163	0.505450959114629	0.0327728075286933	0.02
s164	164	0.420545324083938	0.0248749133164023	0.03
s165	165	0.561275555958283	0.00965577117054019	0.108
s166	166	0.577090615306037	0.00713541564932453	0.156
s167	167	0.58092639327816	0.00921085052865001	0.1135
s168	168	0.412299887513662	0.0203797530086877	0.0435
s169	169	0.476164315944383	0.0156869317906861	0.0625
s170	170	0.489751933483633	0.0220703284329446	0.0405
s171	171	0.588088402023088	0.00776688855490503	0.1405
s172	172	0.525833932592305	0.0116133126314515	0.0935
s173	173	0.477338662030423	0.0186779774831926	0.0475
s174	174	0.683616632156125	0.00687999510904901	0.279
s175	175	0.601164135378703	0.00748835550550028	0.1505
s176	176	0.569820143026175	0.0073805095019673	0.156
s177	177	0.429676823023109	0.0284720572837377	0.0275
s178	178	0.50031830359871	0.0106851372072407	0.101
s179	179	0.577162527581531	0.00739510766232664	0.157
s180	180	0.690912908063903	0.0063883977444542	0.2235
s181	181	0.498324781004501	0.0110427658828629	0.0895
s182	182	0.624942804605068	0.00660865929107266	0.194
s183	183	0.417496578058529	0.0201768770961229	0.042
s184	184	0.620015068808674	0.00681105781716332	0.179
s185	185	0.660733630808458	0.00646114280471295	0.233
s186	186	0.611415125391672	0.00688988273880833	0.1725
s187	187	0.449956363360195	0.0293155304304954	0.025
s188	188	0.625213038486445	0.00669451466743129	0.2635
s189	189	0.48725468088498	0.0106980643423825	0.0975
s190	190	0.499228026287367	0.00938496957826299	0.109
s191	191	0.460194192886091	0.013178477712611	0.0765
s192	192	0.579756984678443	0.00667120506151465	0.259
s193	193	0.586010553960161	0.00657138664572495	0.2455
s194	194	0.53319762476074	0.00870524785991821	0.1205
s195	195	0.584045749751768	0.0065258834802513	0.225
s196	196	0.537632365789587	0.0087466763798138	0.1215
s197	197	0.595592161923777	0.00672563325479696	0.1765
s198	198	0.60038445677165	0.0263620199482202	0.0265
s199	199	0.566669146996437	0.00655485995717109	0.2265
s200	200	0.654887208710484	0.0228946095974654	0.0315
s201	201	0.518214750281843	0.00704760877731434	0.284
s202	202	0.557451359621606	0.0067547470119189	0.18
s203	203	0.522230963096608	0.0179940535203183	0.048
s204	204	0.471435607145658	0.00903239725871385	0.118
s205	205	0.521542933477892	0.0125653533950555	0.0835
s206	206	0.497725444639491	0.0178670053963931	0.052
s207	207	0.478477488391207	0.0166379243916235	0.058
s208	208	0.511395508999433	0.0178531830032235	0.054
s209	209	0.492544581760407	0.0193556382992106	0.051
s210	210	0.56717652273338	0.00683046566460612	0.283
s211	211	0.483204759264887	0.0076292888506396	0.143
s212	212	0.558566950386977	0.00709400867269915	0.3055
s213	213	0.457574061572852	0.0180575316335372	0.0525
s214	214	0.507576824272191	0.00709011281167648	0.166
s215	215	0.456840264666204	0.00963559207582554	0.1045
s216	216	0.417966612691732	0.011024608628634	0.0925
s217	217	0.510723120501345	0.00690963511503192	0.2815
s218	218	0.481920025775514	0.0141112568622848	0.0695
s219	219	0.370780652169911	0.0143818890154714	0.072
s220	220	0.524256764385581	0.00710572630849984	0.166
s221	221	0.550087812690826	0.0068320260311031	0.2735
s222	222	0.517106844384949	0.0112139749327998	0.092
s223	223	0.567853728613186	0.0250448067041007	0.035
s224	224	0.552312511670481	0.00666477508956931	0.193
s225	225	0.322176524344165	0.0163904011483002	0.058
s226	226	0.451541791761903	0.0133342300266833	0.0755
s227	227	0.40266101671945	0.0168336174548567	0.055
s228	228	0.468670220159726	0.00680037183852771	0.259
s229	229	0.513946736886277	0.00660666198997412	0.2135
s230	230	0.520440162931159	0.0279749487156797	0.034
s231	231	0.520554550221283	0.00660848717281097	0.2265
s232	232	0.55465970184861	0.0380180045267701	0.0235
s233	233	0.530175932595926	0.0184601280933366	0.047
s234	234	0.570903478040446	0.00704620106398962	0.16
s235	235	0.525504952491808	0.00802698225822351	0.1285
s236	236	0.526468877503301	0.00674701937672331	0.2575
s237	237	0.52681905403791	0.00941514033251179	0.0995
s238	238	0.543477895285771	0.00704429106250666	0.1635
s239	239	0.5652646555697	0.00656373284218465	0.2285
s240	240	0.558993078648989	0.00655383530743791	0.216
s241	241	0.477209499098735	0.0133103433369814	0.071
s242	242	0.428919366164717	0.0187219457954149	0.054
s243	243	0.443119692473187	0.018709537740118	0.053
s244	244	0.449907687321784	0.0111828308163788	0.0865
s245	245	0.388702253974231	0.0146418921281275	0.0685
s246	246	0.593852885044806	0.00677614182321102	0.172
s247	247	0.44548540644969	0.0140592172160762	0.068
s248	248	0.443855789863086	0.0132666904845944	0.0745
s249	249	0.465324594878751	0.00671908713867637	0.246
s250	250	0.46860281226734	0.0136268912072542	0.0705
s251	251	0.531681860285081	0.00659443976090486	0.2345
s252	252	0.52074820608284	0.0065959543656869	0.2265
s253	253	0.411478994751739	0.0117207137953228	0.079
s254	254	0.506026520398124	0.0068046918643889	0.178
s255	255	0.490371562782176	0.0141030230362909	0.0665
s256	256	0.532052144183816	0.025084263991645	0.04
s257	257	0.495198518308975	0.00814339661668425	0.128
s258	258	0.485785715899932	0.00790729863711106	0.13
s259	259	0.537014916556477	0.00702003599194736	0.1705
s260	260	0.437195199842572	0.00971591646596591	0.0965
s261	261	0.334280273525102	0.0125333072985085	0.079
s262	262	0.49626387337149	0.00663577356746921	0.234
s263	263	0.49031325355261	0.00842847063020464	0.119
s264	264	0.45507638730597	0.00668398741033906	0.238
s265	265	0.473075986876605	0.0317132380943554	0.037
s266	266	0.456425950583024	0.0188653899748288	0.051
s267	267	0.434435267077968	0.00673116596727971	0.239
s268	268	0.371546172922822	0.0149414990849771	0.066
s269	269	0.512002985883133	0.0339401107593913	0.0285
s270	270	0.359696296292662	0.021043189368272	0.048
s271	271	0.46313283485487	0.00707892238709684	0.2805
s272	272	0.473029415781997	0.0220864608258864	0.0455
s273	273	0.632487440809814	0.0422642312623839	0.021
s274	274	0.519435189708856	0.00951286918631895	0.0985
s275	275	0.523459966360445	0.00750166660874731	0.1535
s276	276	0.41008465174453	0.0160878561571198	0.058
s277	277	0.518197948373639	0.0100425749990038	0.0915
s278	278	0.516263399930906	0.00694224042608298	0.1785
s279	279	0.519525893453892	0.00906177569251095	0.1075
s280	280	0.526199610224869	0.00665583381756066	0.208
s281	281	0.382188689742047	0.0231779854106576	0.0375
s282	282	0.557109261574433	0.00699038996302903	0.176
s283	283	0.398014837486887	0.00721405173571199	0.292
s284	284	0.536863619153157	0.00696850458252425	0.1785
s285	285	0.558479438554657	0.00891734103611082	0.1115
s286	286	0.437530360711946	0.00668480094475923	0.227
s287	287	0.433272076421955	0.00685899224915527	0.2715
s288	288	0.53477272315347	0.00819184191941967	0.124
s289	289	0.463449422371861	0.0288656381538288	0.0275
s290	290	0.534815654668298	0.00676515279856851	0.1885
s291	291	0.54311091081486	0.00766028179797659	0.141
s292	292	0.497609008470495	0.006650475676026	0.2085
s293	293	0.422166922437954	0.0346451742073265	0.0245
s294	294	0.465863621677389	0.0114131045165215	0.0835
s295	295	0.445208462832717	0.0110467536076842	0.086
s296	296	0.528753652659931	0.00870997659924615	0.116
s297	297	0.393913683389863	0.0389629216006661	0.024
s298	298	0.510974382472958	0.0172733348521225	0.051
s299	299	0.422875840626469	0.00674612098476901	0.2025
s300	300	0.501135518126438	0.0279947093926979	0.0295
s301	301	0.54841518384178	0.0161930449348436	0.049
s302	302	0.440002703158854	0.00841627617176098	0.1225
s303	303	0.497108531516347	0.00815903951473273	0.1285
s304	304	0.50921982931917	0.0108057688646935	0.083
s305	305	0.497299586209452	0.0082305944113885	0.1305
s306	306	0.506716876551867	0.00868749645540708	0.1185
s307	307	0.349428191143481	0.00694377702953229	0.278
s308	308	0.563149295117603	0.0143829071776674	0.058
s309	309	0.492060512091102	0.0101781364859264	0.0955
s310	310	0.361051210515463	0.0353385410913947	0.025
s311	311	0.403223594183287	0.00674158148486805	0.2505
s312	312	0.539800953547781	0.0130987118065138	0.067
s313	313	0.382628209309157	0.00681040431497527	0.2505
s314	314	0.582347769031903	0.0109985437458903	0.079
s315	315	0.570398815970641	0.0104845418664269	0.0875
s316	316	0.554990370553943	0.0118577177498328	0.0705
s317	317	0.532309146949876	0.0172510320381116	0.0505
s318	318	0.555562140518302	0.0133812832459801	0.065
s319	319	0.396758286552372	0.00708548645505312	0.169
s320	320	0.379113937226373	0.00712767629136998	0.172
s321	321	0.53427387712873	0.0131780726353084	0.0665
s322	322	0.391626882271215	0.00671300858582242	0.227
s323	323	0.418038673878607	0.00804685651601812	0.126
s324	324	0.509971988082029	0.0092326463201285	0.1015
s325	325	0.65662144603507	0.0309881447559581	0.0275
s326	326	0.337257255306157	0.00690227545828718	0.268
s327	327	0.27512728307996	0.00682465329340278	0.243
s328	328	0.546011154380052	0.0101220196190446	0.0995
s329	329	0.508887328492966	0.0147233373813872	0.059
s330	330	0.494667200257599	0.00867722505794519	0.114
s331	331	0.504059475712668	0.0148252371646945	0.057
s332	332	0.270129318961861	0.00710408594606492	0.2895
s333	333	0.456228747825111	0.0207520229395421	0.0415
s334	334	0.342247103050924	0.00737038381469671	0.1595
s335	335	0.557571909686044	0.0100724868789941	0.0915
s336	336	0.340870219856777	0.00744947218882665	0.156
s337	337	0.611009244595626	0.0109175106628046	0.08
s338	338	0.300180409698407	0.0067980003776437	0.2265
s339	339	0.422058670921001	0.015961863295952	0.0585
s340	340	0.316850286959222	0.00683545274414022	0.264
s341	341	0.364417974417222	0.00705676055685576	0.188
s342	342	0.624129599884613	0.041326089218488	0.021
s343	343	0.557173933390728	0.0129357800725221	0.0675
s344	344	0.345724774126527	0.00793458460661484	0.138
s345	345	0.320535671142764	0.00696317276529469	0.2735
s346	346	0.458370417991311	0.0097287509091084	0.0995
s347	347	0.585001502998893	0.0247092135279232	0.0325
s348	348	0.379322997703395	0.00869080538418287	0.1145
s349	349	0.334997474154377	0.0067559976767331	0.2315
s350	350	0.531622237332971	0.0257431594490149	0.0315
s351	351	0.448069135512014	0.019956079959804	0.041
s352	352	0.577500677835995	0.0132043532298962	0.071
s353	353	0.361922249850395	0.00673719566546364	0.2465
s354	354	0.364180854827015	0.0229285647545744	0.0345
s355	355	0.363856243029022	0.00697465605982026	0.289
s356	356	0.481645979802491	0.0125404085766091	0.073
s357	357	0.356539074552238	0.00696399568156358	0.2
s358	358	0.421901410153705	0.0214337572723977	0.041
s359	359	0.366517997081213	0.00698367125068457	0.1965
s360	360	0.468331314858783	0.00959404188719329	0.1025
s361	361	0.456983903969167	0.0162851540785122	0.0485
s362	362	0.318189008287959	0.00678684209444873	0.2525
s363	363	0.436822275484233	0.0111003950281574	0.086
s364	364	0.317414118306433	0.0308194860336236	0.0255
s365	365	0.323059842477201	0.0273573401219085	0.0295
s366	366	0.374532973147977	0.0317969314223955	0.026
s367	367	0.342118433804338	0.00684973295733825	0.275
s368	368	0.439039893379766	0.0373740821637487	0.0225
s369	369	0.347026084082605	0.00754034347852321	0.161
s370	370	0.350935907571836	0.00741250335336938	0.17
s371	371	0.406659825276857	0.0374015208556172	0.025
s372	372	0.376537216631278	0.0119118613461001	0.077
s373	373	0.394698421361685	0.0328727011441678	0.03
s374	374	0.421513742885898	0.0307424097681512	0.029
s375	375	0.176567770945162	0.00764083221532726	0.3175
s376	376	0.526717111258125	0.0433821237361078	0.02
s377	377	0.238805294759174	0.00686070973870695	0.2645
s378	378	0.304954709402897	0.00688788159083149	0.219
s379	379	0.385292431747599	0.0107031457782198	0.087
s380	380	0.406739578840949	0.0201857611719693	0.042
s381	381	0.305970340266158	0.00804995386020711	0.147
s382	382	0.271781512056702	0.00689990531327358	0.2165
s383	383	0.255936694359124	0.00694236194504557	0.214
s384	384	0.300511497541959	0.00704474090236172	0.1995
s385	385	0.364205190270674	0.0234610343810962	0.0325
s386	386	0.320127399313884	0.0101380912697471	0.1025
s387	387	0.254459876634809	0.00794650692058411	0.1685
s388	388	0.368044437467243	0.0135548229093336	0.0655
s389	389	0.385216425263947	0.0179665433963409	0.045
s390	390	0.158269314920274	0.00686020604975859	0.233
s391	391	0.330844448430645	0.011372232888163	0.0865
s392	392	0.420590922360065	0.0340255319353246	0.026
s393	393	0.309104286346617	0.0390226636148184	0.0195
s394	394	0.344229892091334	0.0249333944296281	0.037
s395	395	0.385543272882833	0.0194497831386458	0.0455
s396	396	0.245285851811099	0.00786851184480986	0.1575
s397	397	0.188241694491203	0.00717379650079574	0.289
s398	398	0.382825206920555	0.0258794991926761	0.0355
s399	399	0.447125304082064	0.0203497631887413	0.0455
s400	400	0.187507697310225	0.00799035193614838	0.1575
s401	401	0.375440687253995	0.0153422686793609	0.067
s402	402	0.171530625073164	0.00710002808948159	0.285
s403	403	0.318610330757933	0.0124809953567106	0.0815
s404	404	0.168275473919738	0.00740452244966301	0.1855
s405	405	0.23451625325196	0.00686517010379449	0.2275
s406	406	0.196501316323256	0.00705792783366698	0.201
s407	407	0.293425990753043	0.0360541894804277	0.025
s408	408	0.199472625730456	0.00692714347270196	0.22
s409	409	0.248675204752213	0.00864768608011017	0.1435
s410	410	0.236604576634027	0.00789974846707677	0.1645
s411	411	0.160361387293609	0.00713302772198302	0.292
s412	412	0.1844809646667	0.0114967825928988	0.0905
s413	413	0.21099553221046	0.0106445733552321	0.1035
s414	414	0.172476648455752	0.00730251134437529	0.1875
s415	415	0.248502293807525	0.0081923451885188	0.1555
s416	416	0.210342429591678	0.00787112088053303	0.166
s417	417	0.278457525613651	0.00995903383885426	0.118
s418	418	0.29563203341307	0.0374796510302804	0.0255
s419	419	0.132862171385045	0.0122639048852199	0.093
s420	420	0.171369001325025	0.00684719120721371	0.2585
s421	421	0.214173043341928	0.0105644668062834	0.11
s422	422	0.262057481524151	0.0177508183981181	0.0565
s423	423	0.273119204194325	0.0156205422615505	0.065
s424	424	0.198129652950433	0.00873212945531141	0.145
s425	425	0.155109926432905	0.00769321431266209	0.173
s426	426	0.229354452111015	0.0137154721966713	0.0765
s427	427	0.116462791742275	0.00817667679357339	0.157
s428	428	0.283478956829501	0.0204695635079651	0.049
s429	429	0.0832338535582705	0.00716405418460755	0.2975
s430	430	0.1825527601541	0.0107771563945039	0.1115
s431	431	0.119089545960353	0.00989322841266772	0.1255
s432	432	0.372313661798304	0.0221717708112903	0.049
s433	433	0.244452900486296	0.0168074469230273	0.064
s434	434	0.137329641735285	0.00947434170903552	0.132
s435	435	0.177329859315383	0.00728518457731933	0.191
s436	436	0.17584061081459	0.00702077190083968	0.2085
s437	437	0.230130031292219	0.0150267563267718	0.07
s438	438	0.274913955117063	0.0232486171860566	0.0455
s439	439	0.141334111724371	0.0319174721206302	0.0335
s440	440	0.20214725042777	0.0399048810013982	0.025
s441	441	0.123252954288853	0.00748198053534574	0.182
s442	442	0.230809232633945	0.0354157806452481	0.0285
s443	443	0.0978760550301227	0.00691316301033288	0.2715
s444	444	0.148918394876121	0.00700252317496694	0.213
s445	445	0.217051034647489	0.0122930974303203	0.093
s446	446	0.301790617607767	0.0318462273854207	0.0345
s447	447	0.157598400082908	0.0117596952801727	0.1005
s448	448	0.136685478902644	0.00689219706937458	0.2375
s449	449	0.373777211470962	0.0406709627301851	0.027
s450	450	0.0677738594234733	0.013313668738359	0.0835
s451	451	0.335275221113804	0.0189614973640804	0.0525
s452	452	0.0630140212157601	0.00736880628880811	0.301
s453	453	0.364723575332545	0.0570148139213206	0.024
s454	454	0.084531490176398	0.00735736987860334	0.1905
s455	455	0.0496594766855415	0.00718100797614622	0.199
s456	456	0.139560424749008	0.011765066165496	0.0985
s457	457	0.19947000651042	0.0138869223626626	0.08
s458	458	0.118843455990032	0.00729484686727045	0.2895
s459	459	0.267560765815762	0.0163026312215379	0.068
s460	460	0.0933380809680488	0.00902757473991972	0.1425
s461	461	0.252078835717696	0.0232606752454772	0.0505
s462	462	0.105207421433264	0.00687015749695538	0.24
s463	463	0.122762245206783	0.0330136994156889	0.0375
s464	464	0.0185935155239868	0.00717685561554703	0.2075
s465	465	0.142170168042845	0.00697583432489575	0.274
s466	466	0.104587303066591	0.00884557898153315	0.1485
s467	467	0.0724861333192342	0.00691021843914098	0.2315
s468	468	0.078507431500876	0.00752973040188883	0.1865
s469	469	0.101156950425143	0.0081957922422206	0.161
s470	470	0.0727135682925493	0.00696862067127151	0.2725
s471	471	0.0509476016423806	0.00687401653437005	0.257
s472	472	0.312209106718641	0.0195010547708574	0.054
s473	473	0.0788621196874807	0.00726546000226952	0.298
s474	474	0.0800934966462612	0.00686421722638184	0.254
s475	475	0.310405133085212	0.0210762856397359	0.045
s476	476	0.103317277250724	0.00729068682630902	0.298
s477	477	0.135494028694773	0.00875306806008729	0.1475
s478	478	0.0328799541234381	0.0073552727843853	0.195
s479	479	0.187316114180932	0.0122464349753534	0.1035
s480	480	0.0755569988966309	0.00690976290751897	0.2645
s481	481	0.104555509801667	0.0123888027435188	0.103
s482	482	0.115943995308251	0.0123862865557251	0.1035
s483	483	0.225638048827732	0.0308694251051881	0.0335
s484	484	0.0519414545545808	0.00687611847899746	0.262
s485	485	0.0642335264929287	0.00696287832489638	0.286
s486	486	0.0175952064484394	0.00696670232753747	0.223
s487	487	0.173406268448316	0.0247146900373745	0.0415
s488	488	0.176070130384363	0.0135074657971181	0.0835
s489	489	0.0577264572351352	0.00723294919367598	0.3085
s490	490	0.0721114385755892	0.00930106006369855	0.143
s491	491	-0.0322062776039194	0.00761672980018887	0.1805
s492	492	0.117869378977049	0.0139128693496334	0.082
s493	493	0.0921987725258704	0.0146009585362948	0.081
s494	494	0.114589526036326	0.0213767937047772	0.0475
s495	495	0.069667052274353	0.00704689056039785	0.209
s496	496	0.0832679393962072	0.010526397483567	0.117
s497	497	0.124886150983691	0.0173808992123101	0.0635
s498	498	0.0600417136890302	0.00729023202170399	0.194
s499	499	0.0655900500251855	0.0225505353997351	0.049
s500	500	0.108843375134351	0.0182554546210257	0.059
