dataset	array_index_0based	upstream_position_1based	variant_id	ld_row_0based	ld_column_0based
D1	0	1	s1	0	0
D1	1	2	s2	1	1
D1	2	3	s3	2	2
D1	3	4	s4	3	3
D1	4	5	s5	4	4
D1	5	6	s6	5	5
D1	6	7	s7	6	6
D1	7	8	s8	7	7
D1	8	9	s9	8	8
D1	9	10	s10	9	9
D1	10	11	s11	10	10
D1	11	12	s12	11	11
D1	12	13	s13	12	12
D1	13	14	s14	13	13
D1	14	15	s15	14	14
D1	15	16	s16	15	15
D1	16	17	s17	16	16
D1	17	18	s18	17	17
D1	18	19	s19	18	18
D1	19	20	s20	19	19
D1	20	21	s21	20	20
D1	21	22	s22	21	21
D1	22	23	s23	22	22
D1	23	24	s24	23	23
D1	24	25	s25	24	24
D1	25	26	s26	25	25
D1	26	27	s27	26	26
D1	27	28	s28	27	27
D1	28	29	s29	28	28
D1	29	30	s30	29	29
D1	30	31	s31	30	30
D1	31	32	s32	31	31
D1	32	33	s33	32	32
D1	33	34	s34	33	33
D1	34	35	s35	34	34
D1	35	36	s36	35	35
D1	36	37	s37	36	36
D1	37	38	s38	37	37
D1	38	39	s39	38	38
D1	39	40	s40	39	39
D1	40	41	s41	40	40
D1	41	42	s42	41	41
D1	42	43	s43	42	42
D1	43	44	s44	43	43
D1	44	45	s45	44	44
D1	45	46	s46	45	45
D1	46	47	s47	46	46
D1	47	48	s48	47	47
D1	48	49	s49	48	48
D1	49	50	s50	49	49
D1	50	51	s51	50	50
D1	51	52	s52	51	51
D1	52	53	s53	52	52
D1	53	54	s54	53	53
D1	54	55	s55	54	54
D1	55	56	s56	55	55
D1	56	57	s57	56	56
D1	57	58	s58	57	57
D1	58	59	s59	58	58
D1	59	60	s60	59	59
D1	60	61	s61	60	60
D1	61	62	s62	61	61
D1	62	63	s63	62	62
D1	63	64	s64	63	63
D1	64	65	s65	64	64
D1	65	66	s66	65	65
D1	66	67	s67	66	66
D1	67	68	s68	67	67
D1	68	69	s69	68	68
D1	69	70	s70	69	69
D1	70	71	s71	70	70
D1	71	72	s72	71	71
D1	72	73	s73	72	72
D1	73	74	s74	73	73
D1	74	75	s75	74	74
D1	75	76	s76	75	75
D1	76	77	s77	76	76
D1	77	78	s78	77	77
D1	78	79	s79	78	78
D1	79	80	s80	79	79
D1	80	81	s81	80	80
D1	81	82	s82	81	81
D1	82	83	s83	82	82
D1	83	84	s84	83	83
D1	84	85	s85	84	84
D1	85	86	s86	85	85
D1	86	87	s87	86	86
D1	87	88	s88	87	87
D1	88	89	s89	88	88
D1	89	90	s90	89	89
D1	90	91	s91	90	90
D1	91	92	s92	91	91
D1	92	93	s93	92	92
D1	93	94	s94	93	93
D1	94	95	s95	94	94
D1	95	96	s96	95	95
D1	96	97	s97	96	96
D1	97	98	s98	97	97
D1	98	99	s99	98	98
D1	99	100	s100	99	99
D1	100	101	s101	100	100
D1	101	102	s102	101	101
D1	102	103	s103	102	102
D1	103	104	s104	103	103
D1	104	105	s105	104	104
D1	105	106	s106	105	105
D1	106	107	s107	106	106
D1	107	108	s108	107	107
D1	108	109	s109	108	108
D1	109	110	s110	109	109
D1	110	111	s111	110	110
D1	111	112	s112	111	111
D1	112	113	s113	112	112
D1	113	114	s114	113	113
D1	114	115	s115	114	114
D1	115	116	s116	115	115
D1	116	117	s117	116	116
D1	117	118	s118	117	117
D1	118	119	s119	118	118
D1	119	120	s120	119	119
D1	120	121	s121	120	120
D1	121	122	s122	121	121
D1	122	123	s123	122	122
D1	123	124	s124	123	123
D1	124	125	s125	124	124
D1	125	126	s126	125	125
D1	126	127	s127	126	126
D1	127	128	s128	127	127
D1	128	129	s129	128	128
D1	129	130	s130	129	129
D1	130	131	s131	130	130
D1	131	132	s132	131	131
D1	132	133	s133	132	132
D1	133	134	s134	133	133
D1	134	135	s135	134	134
D1	135	136	s136	135	135
D1	136	137	s137	136	136
D1	137	138	s138	137	137
D1	138	139	s139	138	138
D1	139	140	s140	139	139
D1	140	141	s141	140	140
D1	141	142	s142	141	141
D1	142	143	s143	142	142
D1	143	144	s144	143	143
D1	144	145	s145	144	144
D1	145	146	s146	145	145
D1	146	147	s147	146	146
D1	147	148	s148	147	147
D1	148	149	s149	148	148
D1	149	150	s150	149	149
D1	150	151	s151	150	150
D1	151	152	s152	151	151
D1	152	153	s153	152	152
D1	153	154	s154	153	153
D1	154	155	s155	154	154
D1	155	156	s156	155	155
D1	156	157	s157	156	156
D1	157	158	s158	157	157
D1	158	159	s159	158	158
D1	159	160	s160	159	159
D1	160	161	s161	160	160
D1	161	162	s162	161	161
D1	162	163	s163	162	162
D1	163	164	s164	163	163
D1	164	165	s165	164	164
D1	165	166	s166	165	165
D1	166	167	s167	166	166
D1	167	168	s168	167	167
D1	168	169	s169	168	168
D1	169	170	s170	169	169
D1	170	171	s171	170	170
D1	171	172	s172	171	171
D1	172	173	s173	172	172
D1	173	174	s174	173	173
D1	174	175	s175	174	174
D1	175	176	s176	175	175
D1	176	177	s177	176	176
D1	177	178	s178	177	177
D1	178	179	s179	178	178
D1	179	180	s180	179	179
D1	180	181	s181	180	180
D1	181	182	s182	181	181
D1	182	183	s183	182	182
D1	183	184	s184	183	183
D1	184	185	s185	184	184
D1	185	186	s186	185	185
D1	186	187	s187	186	186
D1	187	188	s188	187	187
D1	188	189	s189	188	188
D1	189	190	s190	189	189
D1	190	191	s191	190	190
D1	191	192	s192	191	191
D1	192	193	s193	192	192
D1	193	194	s194	193	193
D1	194	195	s195	194	194
D1	195	196	s196	195	195
D1	196	197	s197	196	196
D1	197	198	s198	197	197
D1	198	199	s199	198	198
D1	199	200	s200	199	199
D1	200	201	s201	200	200
D1	201	202	s202	201	201
D1	202	203	s203	202	202
D1	203	204	s204	203	203
D1	204	205	s205	204	204
D1	205	206	s206	205	205
D1	206	207	s207	206	206
D1	207	208	s208	207	207
D1	208	209	s209	208	208
D1	209	210	s210	209	209
D1	210	211	s211	210	210
D1	211	212	s212	211	211
D1	212	213	s213	212	212
D1	213	214	s214	213	213
D1	214	215	s215	214	214
D1	215	216	s216	215	215
D1	216	217	s217	216	216
D1	217	218	s218	217	217
D1	218	219	s219	218	218
D1	219	220	s220	219	219
D1	220	221	s221	220	220
D1	221	222	s222	221	221
D1	222	223	s223	222	222
D1	223	224	s224	223	223
D1	224	225	s225	224	224
D1	225	226	s226	225	225
D1	226	227	s227	226	226
D1	227	228	s228	227	227
D1	228	229	s229	228	228
D1	229	230	s230	229	229
D1	230	231	s231	230	230
D1	231	232	s232	231	231
D1	232	233	s233	232	232
D1	233	234	s234	233	233
D1	234	235	s235	234	234
D1	235	236	s236	235	235
D1	236	237	s237	236	236
D1	237	238	s238	237	237
D1	238	239	s239	238	238
D1	239	240	s240	239	239
D1	240	241	s241	240	240
D1	241	242	s242	241	241
D1	242	243	s243	242	242
D1	243	244	s244	243	243
D1	244	245	s245	244	244
D1	245	246	s246	245	245
D1	246	247	s247	246	246
D1	247	248	s248	247	247
D1	248	249	s249	248	248
D1	249	250	s250	249	249
D1	250	251	s251	250	250
D1	251	252	s252	251	251
D1	252	253	s253	252	252
D1	253	254	s254	253	253
D1	254	255	s255	254	254
D1	255	256	s256	255	255
D1	256	257	s257	256	256
D1	257	258	s258	257	257
D1	258	259	s259	258	258
D1	259	260	s260	259	259
D1	260	261	s261	260	260
D1	261	262	s262	261	261
D1	262	263	s263	262	262
D1	263	264	s264	263	263
D1	264	265	s265	264	264
D1	265	266	s266	265	265
D1	266	267	s267	266	266
D1	267	268	s268	267	267
D1	268	269	s269	268	268
D1	269	270	s270	269	269
D1	270	271	s271	270	270
D1	271	272	s272	271	271
D1	272	273	s273	272	272
D1	273	274	s274	273	273
D1	274	275	s275	274	274
D1	275	276	s276	275	275
D1	276	277	s277	276	276
D1	277	278	s278	277	277
D1	278	279	s279	278	278
D1	279	280	s280	279	279
D1	280	281	s281	280	280
D1	281	282	s282	281	281
D1	282	283	s283	282	282
D1	283	284	s284	283	283
D1	284	285	s285	284	284
D1	285	286	s286	285	285
D1	286	287	s287	286	286
D1	287	288	s288	287	287
D1	288	289	s289	288	288
D1	289	290	s290	289	289
D1	290	291	s291	290	290
D1	291	292	s292	291	291
D1	292	293	s293	292	292
D1	293	294	s294	293	293
D1	294	295	s295	294	294
D1	295	296	s296	295	295
D1	296	297	s297	296	296
D1	297	298	s298	297	297
D1	298	299	s299	298	298
D1	299	300	s300	299	299
D1	300	301	s301	300	300
D1	301	302	s302	301	301
D1	302	303	s303	302	302
D1	303	304	s304	303	303
D1	304	305	s305	304	304
D1	305	306	s306	305	305
D1	306	307	s307	306	306
D1	307	308	s308	307	307
D1	308	309	s309	308	308
D1	309	310	s310	309	309
D1	310	311	s311	310	310
D1	311	312	s312	311	311
D1	312	313	s313	312	312
D1	313	314	s314	313	313
D1	314	315	s315	314	314
D1	315	316	s316	315	315
D1	316	317	s317	316	316
D1	317	318	s318	317	317
D1	318	319	s319	318	318
D1	319	320	s320	319	319
D1	320	321	s321	320	320
D1	321	322	s322	321	321
D1	322	323	s323	322	322
D1	323	324	s324	323	323
D1	324	325	s325	324	324
D1	325	326	s326	325	325
D1	326	327	s327	326	326
D1	327	328	s328	327	327
D1	328	329	s329	328	328
D1	329	330	s330	329	329
D1	330	331	s331	330	330
D1	331	332	s332	331	331
D1	332	333	s333	332	332
D1	333	334	s334	333	333
D1	334	335	s335	334	334
D1	335	336	s336	335	335
D1	336	337	s337	336	336
D1	337	338	s338	337	337
D1	338	339	s339	338	338
D1	339	340	s340	339	339
D1	340	341	s341	340	340
D1	341	342	s342	341	341
D1	342	343	s343	342	342
D1	343	344	s344	343	343
D1	344	345	s345	344	344
D1	345	346	s346	345	345
D1	346	347	s347	346	346
D1	347	348	s348	347	347
D1	348	349	s349	348	348
D1	349	350	s350	349	349
D1	350	351	s351	350	350
D1	351	352	s352	351	351
D1	352	353	s353	352	352
D1	353	354	s354	353	353
D1	354	355	s355	354	354
D1	355	356	s356	355	355
D1	356	357	s357	356	356
D1	357	358	s358	357	357
D1	358	359	s359	358	358
D1	359	360	s360	359	359
D1	360	361	s361	360	360
D1	361	362	s362	361	361
D1	362	363	s363	362	362
D1	363	364	s364	363	363
D1	364	365	s365	364	364
D1	365	366	s366	365	365
D1	366	367	s367	366	366
D1	367	368	s368	367	367
D1	368	369	s369	368	368
D1	369	370	s370	369	369
D1	370	371	s371	370	370
D1	371	372	s372	371	371
D1	372	373	s373	372	372
D1	373	374	s374	373	373
D1	374	375	s375	374	374
D1	375	376	s376	375	375
D1	376	377	s377	376	376
D1	377	378	s378	377	377
D1	378	379	s379	378	378
D1	379	380	s380	379	379
D1	380	381	s381	380	380
D1	381	382	s382	381	381
D1	382	383	s383	382	382
D1	383	384	s384	383	383
D1	384	385	s385	384	384
D1	385	386	s386	385	385
D1	386	387	s387	386	386
D1	387	388	s388	387	387
D1	388	389	s389	388	388
D1	389	390	s390	389	389
D1	390	391	s391	390	390
D1	391	392	s392	391	391
D1	392	393	s393	392	392
D1	393	394	s394	393	393
D1	394	395	s395	394	394
D1	395	396	s396	395	395
D1	396	397	s397	396	396
D1	397	398	s398	397	397
D1	398	399	s399	398	398
D1	399	400	s400	399	399
D1	400	401	s401	400	400
D1	401	402	s402	401	401
D1	402	403	s403	402	402
D1	403	404	s404	403	403
D1	404	405	s405	404	404
D1	405	406	s406	405	405
D1	406	407	s407	406	406
D1	407	408	s408	407	407
D1	408	409	s409	408	408
D1	409	410	s410	409	409
D1	410	411	s411	410	410
D1	411	412	s412	411	411
D1	412	413	s413	412	412
D1	413	414	s414	413	413
D1	414	415	s415	414	414
D1	415	416	s416	415	415
D1	416	417	s417	416	416
D1	417	418	s418	417	417
D1	418	419	s419	418	418
D1	419	420	s420	419	419
D1	420	421	s421	420	420
D1	421	422	s422	421	421
D1	422	423	s423	422	422
D1	423	424	s424	423	423
D1	424	425	s425	424	424
D1	425	426	s426	425	425
D1	426	427	s427	426	426
D1	427	428	s428	427	427
D1	428	429	s429	428	428
D1	429	430	s430	429	429
D1	430	431	s431	430	430
D1	431	432	s432	431	431
D1	432	433	s433	432	432
D1	433	434	s434	433	433
D1	434	435	s435	434	434
D1	435	436	s436	435	435
D1	436	437	s437	436	436
D1	437	438	s438	437	437
D1	438	439	s439	438	438
D1	439	440	s440	439	439
D1	440	441	s441	440	440
D1	441	442	s442	441	441
D1	442	443	s443	442	442
D1	443	444	s444	443	443
D1	444	445	s445	444	444
D1	445	446	s446	445	445
D1	446	447	s447	446	446
D1	447	448	s448	447	447
D1	448	449	s449	448	448
D1	449	450	s450	449	449
D1	450	451	s451	450	450
D1	451	452	s452	451	451
D1	452	453	s453	452	452
D1	453	454	s454	453	453
D1	454	455	s455	454	454
D1	455	456	s456	455	455
D1	456	457	s457	456	456
D1	457	458	s458	457	457
D1	458	459	s459	458	458
D1	459	460	s460	459	459
D1	460	461	s461	460	460
D1	461	462	s462	461	461
D1	462	463	s463	462	462
D1	463	464	s464	463	463
D1	464	465	s465	464	464
D1	465	466	s466	465	465
D1	466	467	s467	466	466
D1	467	468	s468	467	467
D1	468	469	s469	468	468
D1	469	470	s470	469	469
D1	470	471	s471	470	470
D1	471	472	s472	471	471
D1	472	473	s473	472	472
D1	473	474	s474	473	473
D1	474	475	s475	474	474
D1	475	476	s476	475	475
D1	476	477	s477	476	476
D1	477	478	s478	477	477
D1	478	479	s479	478	478
D1	479	480	s480	479	479
D1	480	481	s481	480	480
D1	481	482	s482	481	481
D1	482	483	s483	482	482
D1	483	484	s484	483	483
D1	484	485	s485	484	484
D1	485	486	s486	485	485
D1	486	487	s487	486	486
D1	487	488	s488	487	487
D1	488	489	s489	488	488
D1	489	490	s490	489	489
D1	490	491	s491	490	490
D1	491	492	s492	491	491
D1	492	493	s493	492	492
D1	493	494	s494	493	493
D1	494	495	s495	494	494
D1	495	496	s496	495	495
D1	496	497	s497	496	496
D1	497	498	s498	497	497
D1	498	499	s499	498	498
D1	499	500	s500	499	499
D2	0	1	s1	0	0
D2	1	2	s2	1	1
D2	2	3	s3	2	2
D2	3	4	s4	3	3
D2	4	5	s5	4	4
D2	5	6	s6	5	5
D2	6	7	s7	6	6
D2	7	8	s8	7	7
D2	8	9	s9	8	8
D2	9	10	s10	9	9
D2	10	11	s11	10	10
D2	11	12	s12	11	11
D2	12	13	s13	12	12
D2	13	14	s14	13	13
D2	14	15	s15	14	14
D2	15	16	s16	15	15
D2	16	17	s17	16	16
D2	17	18	s18	17	17
D2	18	19	s19	18	18
D2	19	20	s20	19	19
D2	20	21	s21	20	20
D2	21	22	s22	21	21
D2	22	23	s23	22	22
D2	23	24	s24	23	23
D2	24	25	s25	24	24
D2	25	26	s26	25	25
D2	26	27	s27	26	26
D2	27	28	s28	27	27
D2	28	29	s29	28	28
D2	29	30	s30	29	29
D2	30	31	s31	30	30
D2	31	32	s32	31	31
D2	32	33	s33	32	32
D2	33	34	s34	33	33
D2	34	35	s35	34	34
D2	35	36	s36	35	35
D2	36	37	s37	36	36
D2	37	38	s38	37	37
D2	38	39	s39	38	38
D2	39	40	s40	39	39
D2	40	41	s41	40	40
D2	41	42	s42	41	41
D2	42	43	s43	42	42
D2	43	44	s44	43	43
D2	44	45	s45	44	44
D2	45	46	s46	45	45
D2	46	47	s47	46	46
D2	47	48	s48	47	47
D2	48	49	s49	48	48
D2	49	50	s50	49	49
D2	50	51	s51	50	50
D2	51	52	s52	51	51
D2	52	53	s53	52	52
D2	53	54	s54	53	53
D2	54	55	s55	54	54
D2	55	56	s56	55	55
D2	56	57	s57	56	56
D2	57	58	s58	57	57
D2	58	59	s59	58	58
D2	59	60	s60	59	59
D2	60	61	s61	60	60
D2	61	62	s62	61	61
D2	62	63	s63	62	62
D2	63	64	s64	63	63
D2	64	65	s65	64	64
D2	65	66	s66	65	65
D2	66	67	s67	66	66
D2	67	68	s68	67	67
D2	68	69	s69	68	68
D2	69	70	s70	69	69
D2	70	71	s71	70	70
D2	71	72	s72	71	71
D2	72	73	s73	72	72
D2	73	74	s74	73	73
D2	74	75	s75	74	74
D2	75	76	s76	75	75
D2	76	77	s77	76	76
D2	77	78	s78	77	77
D2	78	79	s79	78	78
D2	79	80	s80	79	79
D2	80	81	s81	80	80
D2	81	82	s82	81	81
D2	82	83	s83	82	82
D2	83	84	s84	83	83
D2	84	85	s85	84	84
D2	85	86	s86	85	85
D2	86	87	s87	86	86
D2	87	88	s88	87	87
D2	88	89	s89	88	88
D2	89	90	s90	89	89
D2	90	91	s91	90	90
D2	91	92	s92	91	91
D2	92	93	s93	92	92
D2	93	94	s94	93	93
D2	94	95	s95	94	94
D2	95	96	s96	95	95
D2	96	97	s97	96	96
D2	97	98	s98	97	97
D2	98	99	s99	98	98
D2	99	100	s100	99	99
D2	100	101	s101	100	100
D2	101	102	s102	101	101
D2	102	103	s103	102	102
D2	103	104	s104	103	103
D2	104	105	s105	104	104
D2	105	106	s106	105	105
D2	106	107	s107	106	106
D2	107	108	s108	107	107
D2	108	109	s109	108	108
D2	109	110	s110	109	109
D2	110	111	s111	110	110
D2	111	112	s112	111	111
D2	112	113	s113	112	112
D2	113	114	s114	113	113
D2	114	115	s115	114	114
D2	115	116	s116	115	115
D2	116	117	s117	116	116
D2	117	118	s118	117	117
D2	118	119	s119	118	118
D2	119	120	s120	119	119
D2	120	121	s121	120	120
D2	121	122	s122	121	121
D2	122	123	s123	122	122
D2	123	124	s124	123	123
D2	124	125	s125	124	124
D2	125	126	s126	125	125
D2	126	127	s127	126	126
D2	127	128	s128	127	127
D2	128	129	s129	128	128
D2	129	130	s130	129	129
D2	130	131	s131	130	130
D2	131	132	s132	131	131
D2	132	133	s133	132	132
D2	133	134	s134	133	133
D2	134	135	s135	134	134
D2	135	136	s136	135	135
D2	136	137	s137	136	136
D2	137	138	s138	137	137
D2	138	139	s139	138	138
D2	139	140	s140	139	139
D2	140	141	s141	140	140
D2	141	142	s142	141	141
D2	142	143	s143	142	142
D2	143	144	s144	143	143
D2	144	145	s145	144	144
D2	145	146	s146	145	145
D2	146	147	s147	146	146
D2	147	148	s148	147	147
D2	148	149	s149	148	148
D2	149	150	s150	149	149
D2	150	151	s151	150	150
D2	151	152	s152	151	151
D2	152	153	s153	152	152
D2	153	154	s154	153	153
D2	154	155	s155	154	154
D2	155	156	s156	155	155
D2	156	157	s157	156	156
D2	157	158	s158	157	157
D2	158	159	s159	158	158
D2	159	160	s160	159	159
D2	160	161	s161	160	160
D2	161	162	s162	161	161
D2	162	163	s163	162	162
D2	163	164	s164	163	163
D2	164	165	s165	164	164
D2	165	166	s166	165	165
D2	166	167	s167	166	166
D2	167	168	s168	167	167
D2	168	169	s169	168	168
D2	169	170	s170	169	169
D2	170	171	s171	170	170
D2	171	172	s172	171	171
D2	172	173	s173	172	172
D2	173	174	s174	173	173
D2	174	175	s175	174	174
D2	175	176	s176	175	175
D2	176	177	s177	176	176
D2	177	178	s178	177	177
D2	178	179	s179	178	178
D2	179	180	s180	179	179
D2	180	181	s181	180	180
D2	181	182	s182	181	181
D2	182	183	s183	182	182
D2	183	184	s184	183	183
D2	184	185	s185	184	184
D2	185	186	s186	185	185
D2	186	187	s187	186	186
D2	187	188	s188	187	187
D2	188	189	s189	188	188
D2	189	190	s190	189	189
D2	190	191	s191	190	190
D2	191	192	s192	191	191
D2	192	193	s193	192	192
D2	193	194	s194	193	193
D2	194	195	s195	194	194
D2	195	196	s196	195	195
D2	196	197	s197	196	196
D2	197	198	s198	197	197
D2	198	199	s199	198	198
D2	199	200	s200	199	199
D2	200	201	s201	200	200
D2	201	202	s202	201	201
D2	202	203	s203	202	202
D2	203	204	s204	203	203
D2	204	205	s205	204	204
D2	205	206	s206	205	205
D2	206	207	s207	206	206
D2	207	208	s208	207	207
D2	208	209	s209	208	208
D2	209	210	s210	209	209
D2	210	211	s211	210	210
D2	211	212	s212	211	211
D2	212	213	s213	212	212
D2	213	214	s214	213	213
D2	214	215	s215	214	214
D2	215	216	s216	215	215
D2	216	217	s217	216	216
D2	217	218	s218	217	217
D2	218	219	s219	218	218
D2	219	220	s220	219	219
D2	220	221	s221	220	220
D2	221	222	s222	221	221
D2	222	223	s223	222	222
D2	223	224	s224	223	223
D2	224	225	s225	224	224
D2	225	226	s226	225	225
D2	226	227	s227	226	226
D2	227	228	s228	227	227
D2	228	229	s229	228	228
D2	229	230	s230	229	229
D2	230	231	s231	230	230
D2	231	232	s232	231	231
D2	232	233	s233	232	232
D2	233	234	s234	233	233
D2	234	235	s235	234	234
D2	235	236	s236	235	235
D2	236	237	s237	236	236
D2	237	238	s238	237	237
D2	238	239	s239	238	238
D2	239	240	s240	239	239
D2	240	241	s241	240	240
D2	241	242	s242	241	241
D2	242	243	s243	242	242
D2	243	244	s244	243	243
D2	244	245	s245	244	244
D2	245	246	s246	245	245
D2	246	247	s247	246	246
D2	247	248	s248	247	247
D2	248	249	s249	248	248
D2	249	250	s250	249	249
D2	250	251	s251	250	250
D2	251	252	s252	251	251
D2	252	253	s253	252	252
D2	253	254	s254	253	253
D2	254	255	s255	254	254
D2	255	256	s256	255	255
D2	256	257	s257	256	256
D2	257	258	s258	257	257
D2	258	259	s259	258	258
D2	259	260	s260	259	259
D2	260	261	s261	260	260
D2	261	262	s262	261	261
D2	262	263	s263	262	262
D2	263	264	s264	263	263
D2	264	265	s265	264	264
D2	265	266	s266	265	265
D2	266	267	s267	266	266
D2	267	268	s268	267	267
D2	268	269	s269	268	268
D2	269	270	s270	269	269
D2	270	271	s271	270	270
D2	271	272	s272	271	271
D2	272	273	s273	272	272
D2	273	274	s274	273	273
D2	274	275	s275	274	274
D2	275	276	s276	275	275
D2	276	277	s277	276	276
D2	277	278	s278	277	277
D2	278	279	s279	278	278
D2	279	280	s280	279	279
D2	280	281	s281	280	280
D2	281	282	s282	281	281
D2	282	283	s283	282	282
D2	283	284	s284	283	283
D2	284	285	s285	284	284
D2	285	286	s286	285	285
D2	286	287	s287	286	286
D2	287	288	s288	287	287
D2	288	289	s289	288	288
D2	289	290	s290	289	289
D2	290	291	s291	290	290
D2	291	292	s292	291	291
D2	292	293	s293	292	292
D2	293	294	s294	293	293
D2	294	295	s295	294	294
D2	295	296	s296	295	295
D2	296	297	s297	296	296
D2	297	298	s298	297	297
D2	298	299	s299	298	298
D2	299	300	s300	299	299
D2	300	301	s301	300	300
D2	301	302	s302	301	301
D2	302	303	s303	302	302
D2	303	304	s304	303	303
D2	304	305	s305	304	304
D2	305	306	s306	305	305
D2	306	307	s307	306	306
D2	307	308	s308	307	307
D2	308	309	s309	308	308
D2	309	310	s310	309	309
D2	310	311	s311	310	310
D2	311	312	s312	311	311
D2	312	313	s313	312	312
D2	313	314	s314	313	313
D2	314	315	s315	314	314
D2	315	316	s316	315	315
D2	316	317	s317	316	316
D2	317	318	s318	317	317
D2	318	319	s319	318	318
D2	319	320	s320	319	319
D2	320	321	s321	320	320
D2	321	322	s322	321	321
D2	322	323	s323	322	322
D2	323	324	s324	323	323
D2	324	325	s325	324	324
D2	325	326	s326	325	325
D2	326	327	s327	326	326
D2	327	328	s328	327	327
D2	328	329	s329	328	328
D2	329	330	s330	329	329
D2	330	331	s331	330	330
D2	331	332	s332	331	331
D2	332	333	s333	332	332
D2	333	334	s334	333	333
D2	334	335	s335	334	334
D2	335	336	s336	335	335
D2	336	337	s337	336	336
D2	337	338	s338	337	337
D2	338	339	s339	338	338
D2	339	340	s340	339	339
D2	340	341	s341	340	340
D2	341	342	s342	341	341
D2	342	343	s343	342	342
D2	343	344	s344	343	343
D2	344	345	s345	344	344
D2	345	346	s346	345	345
D2	346	347	s347	346	346
D2	347	348	s348	347	347
D2	348	349	s349	348	348
D2	349	350	s350	349	349
D2	350	351	s351	350	350
D2	351	352	s352	351	351
D2	352	353	s353	352	352
D2	353	354	s354	353	353
D2	354	355	s355	354	354
D2	355	356	s356	355	355
D2	356	357	s357	356	356
D2	357	358	s358	357	357
D2	358	359	s359	358	358
D2	359	360	s360	359	359
D2	360	361	s361	360	360
D2	361	362	s362	361	361
D2	362	363	s363	362	362
D2	363	364	s364	363	363
D2	364	365	s365	364	364
D2	365	366	s366	365	365
D2	366	367	s367	366	366
D2	367	368	s368	367	367
D2	368	369	s369	368	368
D2	369	370	s370	369	369
D2	370	371	s371	370	370
D2	371	372	s372	371	371
D2	372	373	s373	372	372
D2	373	374	s374	373	373
D2	374	375	s375	374	374
D2	375	376	s376	375	375
D2	376	377	s377	376	376
D2	377	378	s378	377	377
D2	378	379	s379	378	378
D2	379	380	s380	379	379
D2	380	381	s381	380	380
D2	381	382	s382	381	381
D2	382	383	s383	382	382
D2	383	384	s384	383	383
D2	384	385	s385	384	384
D2	385	386	s386	385	385
D2	386	387	s387	386	386
D2	387	388	s388	387	387
D2	388	389	s389	388	388
D2	389	390	s390	389	389
D2	390	391	s391	390	390
D2	391	392	s392	391	391
D2	392	393	s393	392	392
D2	393	394	s394	393	393
D2	394	395	s395	394	394
D2	395	396	s396	395	395
D2	396	397	s397	396	396
D2	397	398	s398	397	397
D2	398	399	s399	398	398
D2	399	400	s400	399	399
D2	400	401	s401	400	400
D2	401	402	s402	401	401
D2	402	403	s403	402	402
D2	403	404	s404	403	403
D2	404	405	s405	404	404
D2	405	406	s406	405	405
D2	406	407	s407	406	406
D2	407	408	s408	407	407
D2	408	409	s409	408	408
D2	409	410	s410	409	409
D2	410	411	s411	410	410
D2	411	412	s412	411	411
D2	412	413	s413	412	412
D2	413	414	s414	413	413
D2	414	415	s415	414	414
D2	415	416	s416	415	415
D2	416	417	s417	416	416
D2	417	418	s418	417	417
D2	418	419	s419	418	418
D2	419	420	s420	419	419
D2	420	421	s421	420	420
D2	421	422	s422	421	421
D2	422	423	s423	422	422
D2	423	424	s424	423	423
D2	424	425	s425	424	424
D2	425	426	s426	425	425
D2	426	427	s427	426	426
D2	427	428	s428	427	427
D2	428	429	s429	428	428
D2	429	430	s430	429	429
D2	430	431	s431	430	430
D2	431	432	s432	431	431
D2	432	433	s433	432	432
D2	433	434	s434	433	433
D2	434	435	s435	434	434
D2	435	436	s436	435	435
D2	436	437	s437	436	436
D2	437	438	s438	437	437
D2	438	439	s439	438	438
D2	439	440	s440	439	439
D2	440	441	s441	440	440
D2	441	442	s442	441	441
D2	442	443	s443	442	442
D2	443	444	s444	443	443
D2	444	445	s445	444	444
D2	445	446	s446	445	445
D2	446	447	s447	446	446
D2	447	448	s448	447	447
D2	448	449	s449	448	448
D2	449	450	s450	449	449
D2	450	451	s451	450	450
D2	451	452	s452	451	451
D2	452	453	s453	452	452
D2	453	454	s454	453	453
D2	454	455	s455	454	454
D2	455	456	s456	455	455
D2	456	457	s457	456	456
D2	457	458	s458	457	457
D2	458	459	s459	458	458
D2	459	460	s460	459	459
D2	460	461	s461	460	460
D2	461	462	s462	461	461
D2	462	463	s463	462	462
D2	463	464	s464	463	463
D2	464	465	s465	464	464
D2	465	466	s466	465	465
D2	466	467	s467	466	466
D2	467	468	s468	467	467
D2	468	469	s469	468	468
D2	469	470	s470	469	469
D2	470	471	s471	470	470
D2	471	472	s472	471	471
D2	472	473	s473	472	472
D2	473	474	s474	473	473
D2	474	475	s475	474	474
D2	475	476	s476	475	475
D2	476	477	s477	476	476
D2	477	478	s478	477	477
D2	478	479	s479	478	478
D2	479	480	s480	479	479
D2	480	481	s481	480	480
D2	481	482	s482	481	481
D2	482	483	s483	482	482
D2	483	484	s484	483	483
D2	484	485	s485	484	484
D2	485	486	s486	485	485
D2	486	487	s487	486	486
D2	487	488	s488	487	487
D2	488	489	s489	488	488
D2	489	490	s490	489	489
D2	490	491	s491	490	490
D2	491	492	s492	491	491
D2	492	493	s493	492	492
D2	493	494	s494	493	493
D2	494	495	s495	494	494
D2	495	496	s496	495	495
D2	496	497	s497	496	496
D2	497	498	s498	497	497
D2	498	499	s499	498	498
D2	499	500	s500	499	499
D3	0	1	s1	0	0
D3	1	2	s2	1	1
D3	2	3	s3	2	2
D3	3	4	s4	3	3
D3	4	5	s5	4	4
D3	5	6	s6	5	5
D3	6	7	s7	6	6
D3	7	8	s8	7	7
D3	8	9	s9	8	8
D3	9	10	s10	9	9
D3	10	11	s11	10	10
D3	11	12	s12	11	11
D3	12	13	s13	12	12
D3	13	14	s14	13	13
D3	14	15	s15	14	14
D3	15	16	s16	15	15
D3	16	17	s17	16	16
D3	17	18	s18	17	17
D3	18	19	s19	18	18
D3	19	20	s20	19	19
D3	20	21	s21	20	20
D3	21	22	s22	21	21
D3	22	23	s23	22	22
D3	23	24	s24	23	23
D3	24	25	s25	24	24
D3	25	26	s26	25	25
D3	26	27	s27	26	26
D3	27	28	s28	27	27
D3	28	29	s29	28	28
D3	29	30	s30	29	29
D3	30	31	s31	30	30
D3	31	32	s32	31	31
D3	32	33	s33	32	32
D3	33	34	s34	33	33
D3	34	35	s35	34	34
D3	35	36	s36	35	35
D3	36	37	s37	36	36
D3	37	38	s38	37	37
D3	38	39	s39	38	38
D3	39	40	s40	39	39
D3	40	41	s41	40	40
D3	41	42	s42	41	41
D3	42	43	s43	42	42
D3	43	44	s44	43	43
D3	44	45	s45	44	44
D3	45	46	s46	45	45
D3	46	47	s47	46	46
D3	47	48	s48	47	47
D3	48	49	s49	48	48
D3	49	50	s50	49	49
D3	50	51	s51	50	50
D3	51	52	s52	51	51
D3	52	53	s53	52	52
D3	53	54	s54	53	53
D3	54	55	s55	54	54
D3	55	56	s56	55	55
D3	56	57	s57	56	56
D3	57	58	s58	57	57
D3	58	59	s59	58	58
D3	59	60	s60	59	59
D3	60	61	s61	60	60
D3	61	62	s62	61	61
D3	62	63	s63	62	62
D3	63	64	s64	63	63
D3	64	65	s65	64	64
D3	65	66	s66	65	65
D3	66	67	s67	66	66
D3	67	68	s68	67	67
D3	68	69	s69	68	68
D3	69	70	s70	69	69
D3	70	71	s71	70	70
D3	71	72	s72	71	71
D3	72	73	s73	72	72
D3	73	74	s74	73	73
D3	74	75	s75	74	74
D3	75	76	s76	75	75
D3	76	77	s77	76	76
D3	77	78	s78	77	77
D3	78	79	s79	78	78
D3	79	80	s80	79	79
D3	80	81	s81	80	80
D3	81	82	s82	81	81
D3	82	83	s83	82	82
D3	83	84	s84	83	83
D3	84	85	s85	84	84
D3	85	86	s86	85	85
D3	86	87	s87	86	86
D3	87	88	s88	87	87
D3	88	89	s89	88	88
D3	89	90	s90	89	89
D3	90	91	s91	90	90
D3	91	92	s92	91	91
D3	92	93	s93	92	92
D3	93	94	s94	93	93
D3	94	95	s95	94	94
D3	95	96	s96	95	95
D3	96	97	s97	96	96
D3	97	98	s98	97	97
D3	98	99	s99	98	98
D3	99	100	s100	99	99
D3	100	101	s101	100	100
D3	101	102	s102	101	101
D3	102	103	s103	102	102
D3	103	104	s104	103	103
D3	104	105	s105	104	104
D3	105	106	s106	105	105
D3	106	107	s107	106	106
D3	107	108	s108	107	107
D3	108	109	s109	108	108
D3	109	110	s110	109	109
D3	110	111	s111	110	110
D3	111	112	s112	111	111
D3	112	113	s113	112	112
D3	113	114	s114	113	113
D3	114	115	s115	114	114
D3	115	116	s116	115	115
D3	116	117	s117	116	116
D3	117	118	s118	117	117
D3	118	119	s119	118	118
D3	119	120	s120	119	119
D3	120	121	s121	120	120
D3	121	122	s122	121	121
D3	122	123	s123	122	122
D3	123	124	s124	123	123
D3	124	125	s125	124	124
D3	125	126	s126	125	125
D3	126	127	s127	126	126
D3	127	128	s128	127	127
D3	128	129	s129	128	128
D3	129	130	s130	129	129
D3	130	131	s131	130	130
D3	131	132	s132	131	131
D3	132	133	s133	132	132
D3	133	134	s134	133	133
D3	134	135	s135	134	134
D3	135	136	s136	135	135
D3	136	137	s137	136	136
D3	137	138	s138	137	137
D3	138	139	s139	138	138
D3	139	140	s140	139	139
D3	140	141	s141	140	140
D3	141	142	s142	141	141
D3	142	143	s143	142	142
D3	143	144	s144	143	143
D3	144	145	s145	144	144
D3	145	146	s146	145	145
D3	146	147	s147	146	146
D3	147	148	s148	147	147
D3	148	149	s149	148	148
D3	149	150	s150	149	149
D3	150	151	s151	150	150
D3	151	152	s152	151	151
D3	152	153	s153	152	152
D3	153	154	s154	153	153
D3	154	155	s155	154	154
D3	155	156	s156	155	155
D3	156	157	s157	156	156
D3	157	158	s158	157	157
D3	158	159	s159	158	158
D3	159	160	s160	159	159
D3	160	161	s161	160	160
D3	161	162	s162	161	161
D3	162	163	s163	162	162
D3	163	164	s164	163	163
D3	164	165	s165	164	164
D3	165	166	s166	165	165
D3	166	167	s167	166	166
D3	167	168	s168	167	167
D3	168	169	s169	168	168
D3	169	170	s170	169	169
D3	170	171	s171	170	170
D3	171	172	s172	171	171
D3	172	173	s173	172	172
D3	173	174	s174	173	173
D3	174	175	s175	174	174
D3	175	176	s176	175	175
D3	176	177	s177	176	176
D3	177	178	s178	177	177
D3	178	179	s179	178	178
D3	179	180	s180	179	179
D3	180	181	s181	180	180
D3	181	182	s182	181	181
D3	182	183	s183	182	182
D3	183	184	s184	183	183
D3	184	185	s185	184	184
D3	185	186	s186	185	185
D3	186	187	s187	186	186
D3	187	188	s188	187	187
D3	188	189	s189	188	188
D3	189	190	s190	189	189
D3	190	191	s191	190	190
D3	191	192	s192	191	191
D3	192	193	s193	192	192
D3	193	194	s194	193	193
D3	194	195	s195	194	194
D3	195	196	s196	195	195
D3	196	197	s197	196	196
D3	197	198	s198	197	197
D3	198	199	s199	198	198
D3	199	200	s200	199	199
D3	200	201	s201	200	200
D3	201	202	s202	201	201
D3	202	203	s203	202	202
D3	203	204	s204	203	203
D3	204	205	s205	204	204
D3	205	206	s206	205	205
D3	206	207	s207	206	206
D3	207	208	s208	207	207
D3	208	209	s209	208	208
D3	209	210	s210	209	209
D3	210	211	s211	210	210
D3	211	212	s212	211	211
D3	212	213	s213	212	212
D3	213	214	s214	213	213
D3	214	215	s215	214	214
D3	215	216	s216	215	215
D3	216	217	s217	216	216
D3	217	218	s218	217	217
D3	218	219	s219	218	218
D3	219	220	s220	219	219
D3	220	221	s221	220	220
D3	221	222	s222	221	221
D3	222	223	s223	222	222
D3	223	224	s224	223	223
D3	224	225	s225	224	224
D3	225	226	s226	225	225
D3	226	227	s227	226	226
D3	227	228	s228	227	227
D3	228	229	s229	228	228
D3	229	230	s230	229	229
D3	230	231	s231	230	230
D3	231	232	s232	231	231
D3	232	233	s233	232	232
D3	233	234	s234	233	233
D3	234	235	s235	234	234
D3	235	236	s236	235	235
D3	236	237	s237	236	236
D3	237	238	s238	237	237
D3	238	239	s239	238	238
D3	239	240	s240	239	239
D3	240	241	s241	240	240
D3	241	242	s242	241	241
D3	242	243	s243	242	242
D3	243	244	s244	243	243
D3	244	245	s245	244	244
D3	245	246	s246	245	245
D3	246	247	s247	246	246
D3	247	248	s248	247	247
D3	248	249	s249	248	248
D3	249	250	s250	249	249
D3	250	251	s251	250	250
D3	251	252	s252	251	251
D3	252	253	s253	252	252
D3	253	254	s254	253	253
D3	254	255	s255	254	254
D3	255	256	s256	255	255
D3	256	257	s257	256	256
D3	257	258	s258	257	257
D3	258	259	s259	258	258
D3	259	260	s260	259	259
D3	260	261	s261	260	260
D3	261	262	s262	261	261
D3	262	263	s263	262	262
D3	263	264	s264	263	263
D3	264	265	s265	264	264
D3	265	266	s266	265	265
D3	266	267	s267	266	266
D3	267	268	s268	267	267
D3	268	269	s269	268	268
D3	269	270	s270	269	269
D3	270	271	s271	270	270
D3	271	272	s272	271	271
D3	272	273	s273	272	272
D3	273	274	s274	273	273
D3	274	275	s275	274	274
D3	275	276	s276	275	275
D3	276	277	s277	276	276
D3	277	278	s278	277	277
D3	278	279	s279	278	278
D3	279	280	s280	279	279
D3	280	281	s281	280	280
D3	281	282	s282	281	281
D3	282	283	s283	282	282
D3	283	284	s284	283	283
D3	284	285	s285	284	284
D3	285	286	s286	285	285
D3	286	287	s287	286	286
D3	287	288	s288	287	287
D3	288	289	s289	288	288
D3	289	290	s290	289	289
D3	290	291	s291	290	290
D3	291	292	s292	291	291
D3	292	293	s293	292	292
D3	293	294	s294	293	293
D3	294	295	s295	294	294
D3	295	296	s296	295	295
D3	296	297	s297	296	296
D3	297	298	s298	297	297
D3	298	299	s299	298	298
D3	299	300	s300	299	299
D3	300	301	s301	300	300
D3	301	302	s302	301	301
D3	302	303	s303	302	302
D3	303	304	s304	303	303
D3	304	305	s305	304	304
D3	305	306	s306	305	305
D3	306	307	s307	306	306
D3	307	308	s308	307	307
D3	308	309	s309	308	308
D3	309	310	s310	309	309
D3	310	311	s311	310	310
D3	311	312	s312	311	311
D3	312	313	s313	312	312
D3	313	314	s314	313	313
D3	314	315	s315	314	314
D3	315	316	s316	315	315
D3	316	317	s317	316	316
D3	317	318	s318	317	317
D3	318	319	s319	318	318
D3	319	320	s320	319	319
D3	320	321	s321	320	320
D3	321	322	s322	321	321
D3	322	323	s323	322	322
D3	323	324	s324	323	323
D3	324	325	s325	324	324
D3	325	326	s326	325	325
D3	326	327	s327	326	326
D3	327	328	s328	327	327
D3	328	329	s329	328	328
D3	329	330	s330	329	329
D3	330	331	s331	330	330
D3	331	332	s332	331	331
D3	332	333	s333	332	332
D3	333	334	s334	333	333
D3	334	335	s335	334	334
D3	335	336	s336	335	335
D3	336	337	s337	336	336
D3	337	338	s338	337	337
D3	338	339	s339	338	338
D3	339	340	s340	339	339
D3	340	341	s341	340	340
D3	341	342	s342	341	341
D3	342	343	s343	342	342
D3	343	344	s344	343	343
D3	344	345	s345	344	344
D3	345	346	s346	345	345
D3	346	347	s347	346	346
D3	347	348	s348	347	347
D3	348	349	s349	348	348
D3	349	350	s350	349	349
D3	350	351	s351	350	350
D3	351	352	s352	351	351
D3	352	353	s353	352	352
D3	353	354	s354	353	353
D3	354	355	s355	354	354
D3	355	356	s356	355	355
D3	356	357	s357	356	356
D3	357	358	s358	357	357
D3	358	359	s359	358	358
D3	359	360	s360	359	359
D3	360	361	s361	360	360
D3	361	362	s362	361	361
D3	362	363	s363	362	362
D3	363	364	s364	363	363
D3	364	365	s365	364	364
D3	365	366	s366	365	365
D3	366	367	s367	366	366
D3	367	368	s368	367	367
D3	368	369	s369	368	368
D3	369	370	s370	369	369
D3	370	371	s371	370	370
D3	371	372	s372	371	371
D3	372	373	s373	372	372
D3	373	374	s374	373	373
D3	374	375	s375	374	374
D3	375	376	s376	375	375
D3	376	377	s377	376	376
D3	377	378	s378	377	377
D3	378	379	s379	378	378
D3	379	380	s380	379	379
D3	380	381	s381	380	380
D3	381	382	s382	381	381
D3	382	383	s383	382	382
D3	383	384	s384	383	383
D3	384	385	s385	384	384
D3	385	386	s386	385	385
D3	386	387	s387	386	386
D3	387	388	s388	387	387
D3	388	389	s389	388	388
D3	389	390	s390	389	389
D3	390	391	s391	390	390
D3	391	392	s392	391	391
D3	392	393	s393	392	392
D3	393	394	s394	393	393
D3	394	395	s395	394	394
D3	395	396	s396	395	395
D3	396	397	s397	396	396
D3	397	398	s398	397	397
D3	398	399	s399	398	398
D3	399	400	s400	399	399
D3	400	401	s401	400	400
D3	401	402	s402	401	401
D3	402	403	s403	402	402
D3	403	404	s404	403	403
D3	404	405	s405	404	404
D3	405	406	s406	405	405
D3	406	407	s407	406	406
D3	407	408	s408	407	407
D3	408	409	s409	408	408
D3	409	410	s410	409	409
D3	410	411	s411	410	410
D3	411	412	s412	411	411
D3	412	413	s413	412	412
D3	413	414	s414	413	413
D3	414	415	s415	414	414
D3	415	416	s416	415	415
D3	416	417	s417	416	416
D3	417	418	s418	417	417
D3	418	419	s419	418	418
D3	419	420	s420	419	419
D3	420	421	s421	420	420
D3	421	422	s422	421	421
D3	422	423	s423	422	422
D3	423	424	s424	423	423
D3	424	425	s425	424	424
D3	425	426	s426	425	425
D3	426	427	s427	426	426
D3	427	428	s428	427	427
D3	428	429	s429	428	428
D3	429	430	s430	429	429
D3	430	431	s431	430	430
D3	431	432	s432	431	431
D3	432	433	s433	432	432
D3	433	434	s434	433	433
D3	434	435	s435	434	434
D3	435	436	s436	435	435
D3	436	437	s437	436	436
D3	437	438	s438	437	437
D3	438	439	s439	438	438
D3	439	440	s440	439	439
D3	440	441	s441	440	440
D3	441	442	s442	441	441
D3	442	443	s443	442	442
D3	443	444	s444	443	443
D3	444	445	s445	444	444
D3	445	446	s446	445	445
D3	446	447	s447	446	446
D3	447	448	s448	447	447
D3	448	449	s449	448	448
D3	449	450	s450	449	449
D3	450	451	s451	450	450
D3	451	452	s452	451	451
D3	452	453	s453	452	452
D3	453	454	s454	453	453
D3	454	455	s455	454	454
D3	455	456	s456	455	455
D3	456	457	s457	456	456
D3	457	458	s458	457	457
D3	458	459	s459	458	458
D3	459	460	s460	459	459
D3	460	461	s461	460	460
D3	461	462	s462	461	461
D3	462	463	s463	462	462
D3	463	464	s464	463	463
D3	464	465	s465	464	464
D3	465	466	s466	465	465
D3	466	467	s467	466	466
D3	467	468	s468	467	467
D3	468	469	s469	468	468
D3	469	470	s470	469	469
D3	470	471	s471	470	470
D3	471	472	s472	471	471
D3	472	473	s473	472	472
D3	473	474	s474	473	473
D3	474	475	s475	474	474
D3	475	476	s476	475	475
D3	476	477	s477	476	476
D3	477	478	s478	477	477
D3	478	479	s479	478	478
D3	479	480	s480	479	479
D3	480	481	s481	480	480
D3	481	482	s482	481	481
D3	482	483	s483	482	482
D3	483	484	s484	483	483
D3	484	485	s485	484	484
D3	485	486	s486	485	485
D3	486	487	s487	486	486
D3	487	488	s488	487	487
D3	488	489	s489	488	488
D3	489	490	s490	489	489
D3	490	491	s491	490	490
D3	491	492	s492	491	491
D3	492	493	s493	492	492
D3	493	494	s494	493	493
D3	494	495	s495	494	494
D3	495	496	s496	495	495
D3	496	497	s497	496	496
D3	497	498	s498	497	497
D3	498	499	s499	498	498
D3	499	500	s500	499	499
D4	0	1	s1	0	0
D4	1	2	s2	1	1
D4	2	3	s3	2	2
D4	3	4	s4	3	3
D4	4	5	s5	4	4
D4	5	6	s6	5	5
D4	6	7	s7	6	6
D4	7	8	s8	7	7
D4	8	9	s9	8	8
D4	9	10	s10	9	9
D4	10	11	s11	10	10
D4	11	12	s12	11	11
D4	12	13	s13	12	12
D4	13	14	s14	13	13
D4	14	15	s15	14	14
D4	15	16	s16	15	15
D4	16	17	s17	16	16
D4	17	18	s18	17	17
D4	18	19	s19	18	18
D4	19	20	s20	19	19
D4	20	21	s21	20	20
D4	21	22	s22	21	21
D4	22	23	s23	22	22
D4	23	24	s24	23	23
D4	24	25	s25	24	24
D4	25	26	s26	25	25
D4	26	27	s27	26	26
D4	27	28	s28	27	27
D4	28	29	s29	28	28
D4	29	30	s30	29	29
D4	30	31	s31	30	30
D4	31	32	s32	31	31
D4	32	33	s33	32	32
D4	33	34	s34	33	33
D4	34	35	s35	34	34
D4	35	36	s36	35	35
D4	36	37	s37	36	36
D4	37	38	s38	37	37
D4	38	39	s39	38	38
D4	39	40	s40	39	39
D4	40	41	s41	40	40
D4	41	42	s42	41	41
D4	42	43	s43	42	42
D4	43	44	s44	43	43
D4	44	45	s45	44	44
D4	45	46	s46	45	45
D4	46	47	s47	46	46
D4	47	48	s48	47	47
D4	48	49	s49	48	48
D4	49	50	s50	49	49
D4	50	51	s51	50	50
D4	51	52	s52	51	51
D4	52	53	s53	52	52
D4	53	54	s54	53	53
D4	54	55	s55	54	54
D4	55	56	s56	55	55
D4	56	57	s57	56	56
D4	57	58	s58	57	57
D4	58	59	s59	58	58
D4	59	60	s60	59	59
D4	60	61	s61	60	60
D4	61	62	s62	61	61
D4	62	63	s63	62	62
D4	63	64	s64	63	63
D4	64	65	s65	64	64
D4	65	66	s66	65	65
D4	66	67	s67	66	66
D4	67	68	s68	67	67
D4	68	69	s69	68	68
D4	69	70	s70	69	69
D4	70	71	s71	70	70
D4	71	72	s72	71	71
D4	72	73	s73	72	72
D4	73	74	s74	73	73
D4	74	75	s75	74	74
D4	75	76	s76	75	75
D4	76	77	s77	76	76
D4	77	78	s78	77	77
D4	78	79	s79	78	78
D4	79	80	s80	79	79
D4	80	81	s81	80	80
D4	81	82	s82	81	81
D4	82	83	s83	82	82
D4	83	84	s84	83	83
D4	84	85	s85	84	84
D4	85	86	s86	85	85
D4	86	87	s87	86	86
D4	87	88	s88	87	87
D4	88	89	s89	88	88
D4	89	90	s90	89	89
D4	90	91	s91	90	90
D4	91	92	s92	91	91
D4	92	93	s93	92	92
D4	93	94	s94	93	93
D4	94	95	s95	94	94
D4	95	96	s96	95	95
D4	96	97	s97	96	96
D4	97	98	s98	97	97
D4	98	99	s99	98	98
D4	99	100	s100	99	99
D4	100	101	s101	100	100
D4	101	102	s102	101	101
D4	102	103	s103	102	102
D4	103	104	s104	103	103
D4	104	105	s105	104	104
D4	105	106	s106	105	105
D4	106	107	s107	106	106
D4	107	108	s108	107	107
D4	108	109	s109	108	108
D4	109	110	s110	109	109
D4	110	111	s111	110	110
D4	111	112	s112	111	111
D4	112	113	s113	112	112
D4	113	114	s114	113	113
D4	114	115	s115	114	114
D4	115	116	s116	115	115
D4	116	117	s117	116	116
D4	117	118	s118	117	117
D4	118	119	s119	118	118
D4	119	120	s120	119	119
D4	120	121	s121	120	120
D4	121	122	s122	121	121
D4	122	123	s123	122	122
D4	123	124	s124	123	123
D4	124	125	s125	124	124
D4	125	126	s126	125	125
D4	126	127	s127	126	126
D4	127	128	s128	127	127
D4	128	129	s129	128	128
D4	129	130	s130	129	129
D4	130	131	s131	130	130
D4	131	132	s132	131	131
D4	132	133	s133	132	132
D4	133	134	s134	133	133
D4	134	135	s135	134	134
D4	135	136	s136	135	135
D4	136	137	s137	136	136
D4	137	138	s138	137	137
D4	138	139	s139	138	138
D4	139	140	s140	139	139
D4	140	141	s141	140	140
D4	141	142	s142	141	141
D4	142	143	s143	142	142
D4	143	144	s144	143	143
D4	144	145	s145	144	144
D4	145	146	s146	145	145
D4	146	147	s147	146	146
D4	147	148	s148	147	147
D4	148	149	s149	148	148
D4	149	150	s150	149	149
D4	150	151	s151	150	150
D4	151	152	s152	151	151
D4	152	153	s153	152	152
D4	153	154	s154	153	153
D4	154	155	s155	154	154
D4	155	156	s156	155	155
D4	156	157	s157	156	156
D4	157	158	s158	157	157
D4	158	159	s159	158	158
D4	159	160	s160	159	159
D4	160	161	s161	160	160
D4	161	162	s162	161	161
D4	162	163	s163	162	162
D4	163	164	s164	163	163
D4	164	165	s165	164	164
D4	165	166	s166	165	165
D4	166	167	s167	166	166
D4	167	168	s168	167	167
D4	168	169	s169	168	168
D4	169	170	s170	169	169
D4	170	171	s171	170	170
D4	171	172	s172	171	171
D4	172	173	s173	172	172
D4	173	174	s174	173	173
D4	174	175	s175	174	174
D4	175	176	s176	175	175
D4	176	177	s177	176	176
D4	177	178	s178	177	177
D4	178	179	s179	178	178
D4	179	180	s180	179	179
D4	180	181	s181	180	180
D4	181	182	s182	181	181
D4	182	183	s183	182	182
D4	183	184	s184	183	183
D4	184	185	s185	184	184
D4	185	186	s186	185	185
D4	186	187	s187	186	186
D4	187	188	s188	187	187
D4	188	189	s189	188	188
D4	189	190	s190	189	189
D4	190	191	s191	190	190
D4	191	192	s192	191	191
D4	192	193	s193	192	192
D4	193	194	s194	193	193
D4	194	195	s195	194	194
D4	195	196	s196	195	195
D4	196	197	s197	196	196
D4	197	198	s198	197	197
D4	198	199	s199	198	198
D4	199	200	s200	199	199
D4	200	201	s201	200	200
D4	201	202	s202	201	201
D4	202	203	s203	202	202
D4	203	204	s204	203	203
D4	204	205	s205	204	204
D4	205	206	s206	205	205
D4	206	207	s207	206	206
D4	207	208	s208	207	207
D4	208	209	s209	208	208
D4	209	210	s210	209	209
D4	210	211	s211	210	210
D4	211	212	s212	211	211
D4	212	213	s213	212	212
D4	213	214	s214	213	213
D4	214	215	s215	214	214
D4	215	216	s216	215	215
D4	216	217	s217	216	216
D4	217	218	s218	217	217
D4	218	219	s219	218	218
D4	219	220	s220	219	219
D4	220	221	s221	220	220
D4	221	222	s222	221	221
D4	222	223	s223	222	222
D4	223	224	s224	223	223
D4	224	225	s225	224	224
D4	225	226	s226	225	225
D4	226	227	s227	226	226
D4	227	228	s228	227	227
D4	228	229	s229	228	228
D4	229	230	s230	229	229
D4	230	231	s231	230	230
D4	231	232	s232	231	231
D4	232	233	s233	232	232
D4	233	234	s234	233	233
D4	234	235	s235	234	234
D4	235	236	s236	235	235
D4	236	237	s237	236	236
D4	237	238	s238	237	237
D4	238	239	s239	238	238
D4	239	240	s240	239	239
D4	240	241	s241	240	240
D4	241	242	s242	241	241
D4	242	243	s243	242	242
D4	243	244	s244	243	243
D4	244	245	s245	244	244
D4	245	246	s246	245	245
D4	246	247	s247	246	246
D4	247	248	s248	247	247
D4	248	249	s249	248	248
D4	249	250	s250	249	249
D4	250	251	s251	250	250
D4	251	252	s252	251	251
D4	252	253	s253	252	252
D4	253	254	s254	253	253
D4	254	255	s255	254	254
D4	255	256	s256	255	255
D4	256	257	s257	256	256
D4	257	258	s258	257	257
D4	258	259	s259	258	258
D4	259	260	s260	259	259
D4	260	261	s261	260	260
D4	261	262	s262	261	261
D4	262	263	s263	262	262
D4	263	264	s264	263	263
D4	264	265	s265	264	264
D4	265	266	s266	265	265
D4	266	267	s267	266	266
D4	267	268	s268	267	267
D4	268	269	s269	268	268
D4	269	270	s270	269	269
D4	270	271	s271	270	270
D4	271	272	s272	271	271
D4	272	273	s273	272	272
D4	273	274	s274	273	273
D4	274	275	s275	274	274
D4	275	276	s276	275	275
D4	276	277	s277	276	276
D4	277	278	s278	277	277
D4	278	279	s279	278	278
D4	279	280	s280	279	279
D4	280	281	s281	280	280
D4	281	282	s282	281	281
D4	282	283	s283	282	282
D4	283	284	s284	283	283
D4	284	285	s285	284	284
D4	285	286	s286	285	285
D4	286	287	s287	286	286
D4	287	288	s288	287	287
D4	288	289	s289	288	288
D4	289	290	s290	289	289
D4	290	291	s291	290	290
D4	291	292	s292	291	291
D4	292	293	s293	292	292
D4	293	294	s294	293	293
D4	294	295	s295	294	294
D4	295	296	s296	295	295
D4	296	297	s297	296	296
D4	297	298	s298	297	297
D4	298	299	s299	298	298
D4	299	300	s300	299	299
D4	300	301	s301	300	300
D4	301	302	s302	301	301
D4	302	303	s303	302	302
D4	303	304	s304	303	303
D4	304	305	s305	304	304
D4	305	306	s306	305	305
D4	306	307	s307	306	306
D4	307	308	s308	307	307
D4	308	309	s309	308	308
D4	309	310	s310	309	309
D4	310	311	s311	310	310
D4	311	312	s312	311	311
D4	312	313	s313	312	312
D4	313	314	s314	313	313
D4	314	315	s315	314	314
D4	315	316	s316	315	315
D4	316	317	s317	316	316
D4	317	318	s318	317	317
D4	318	319	s319	318	318
D4	319	320	s320	319	319
D4	320	321	s321	320	320
D4	321	322	s322	321	321
D4	322	323	s323	322	322
D4	323	324	s324	323	323
D4	324	325	s325	324	324
D4	325	326	s326	325	325
D4	326	327	s327	326	326
D4	327	328	s328	327	327
D4	328	329	s329	328	328
D4	329	330	s330	329	329
D4	330	331	s331	330	330
D4	331	332	s332	331	331
D4	332	333	s333	332	332
D4	333	334	s334	333	333
D4	334	335	s335	334	334
D4	335	336	s336	335	335
D4	336	337	s337	336	336
D4	337	338	s338	337	337
D4	338	339	s339	338	338
D4	339	340	s340	339	339
D4	340	341	s341	340	340
D4	341	342	s342	341	341
D4	342	343	s343	342	342
D4	343	344	s344	343	343
D4	344	345	s345	344	344
D4	345	346	s346	345	345
D4	346	347	s347	346	346
D4	347	348	s348	347	347
D4	348	349	s349	348	348
D4	349	350	s350	349	349
D4	350	351	s351	350	350
D4	351	352	s352	351	351
D4	352	353	s353	352	352
D4	353	354	s354	353	353
D4	354	355	s355	354	354
D4	355	356	s356	355	355
D4	356	357	s357	356	356
D4	357	358	s358	357	357
D4	358	359	s359	358	358
D4	359	360	s360	359	359
D4	360	361	s361	360	360
D4	361	362	s362	361	361
D4	362	363	s363	362	362
D4	363	364	s364	363	363
D4	364	365	s365	364	364
D4	365	366	s366	365	365
D4	366	367	s367	366	366
D4	367	368	s368	367	367
D4	368	369	s369	368	368
D4	369	370	s370	369	369
D4	370	371	s371	370	370
D4	371	372	s372	371	371
D4	372	373	s373	372	372
D4	373	374	s374	373	373
D4	374	375	s375	374	374
D4	375	376	s376	375	375
D4	376	377	s377	376	376
D4	377	378	s378	377	377
D4	378	379	s379	378	378
D4	379	380	s380	379	379
D4	380	381	s381	380	380
D4	381	382	s382	381	381
D4	382	383	s383	382	382
D4	383	384	s384	383	383
D4	384	385	s385	384	384
D4	385	386	s386	385	385
D4	386	387	s387	386	386
D4	387	388	s388	387	387
D4	388	389	s389	388	388
D4	389	390	s390	389	389
D4	390	391	s391	390	390
D4	391	392	s392	391	391
D4	392	393	s393	392	392
D4	393	394	s394	393	393
D4	394	395	s395	394	394
D4	395	396	s396	395	395
D4	396	397	s397	396	396
D4	397	398	s398	397	397
D4	398	399	s399	398	398
D4	399	400	s400	399	399
D4	400	401	s401	400	400
D4	401	402	s402	401	401
D4	402	403	s403	402	402
D4	403	404	s404	403	403
D4	404	405	s405	404	404
D4	405	406	s406	405	405
D4	406	407	s407	406	406
D4	407	408	s408	407	407
D4	408	409	s409	408	408
D4	409	410	s410	409	409
D4	410	411	s411	410	410
D4	411	412	s412	411	411
D4	412	413	s413	412	412
D4	413	414	s414	413	413
D4	414	415	s415	414	414
D4	415	416	s416	415	415
D4	416	417	s417	416	416
D4	417	418	s418	417	417
D4	418	419	s419	418	418
D4	419	420	s420	419	419
D4	420	421	s421	420	420
D4	421	422	s422	421	421
D4	422	423	s423	422	422
D4	423	424	s424	423	423
D4	424	425	s425	424	424
D4	425	426	s426	425	425
D4	426	427	s427	426	426
D4	427	428	s428	427	427
D4	428	429	s429	428	428
D4	429	430	s430	429	429
D4	430	431	s431	430	430
D4	431	432	s432	431	431
D4	432	433	s433	432	432
D4	433	434	s434	433	433
D4	434	435	s435	434	434
D4	435	436	s436	435	435
D4	436	437	s437	436	436
D4	437	438	s438	437	437
D4	438	439	s439	438	438
D4	439	440	s440	439	439
D4	440	441	s441	440	440
D4	441	442	s442	441	441
D4	442	443	s443	442	442
D4	443	444	s444	443	443
D4	444	445	s445	444	444
D4	445	446	s446	445	445
D4	446	447	s447	446	446
D4	447	448	s448	447	447
D4	448	449	s449	448	448
D4	449	450	s450	449	449
D4	450	451	s451	450	450
D4	451	452	s452	451	451
D4	452	453	s453	452	452
D4	453	454	s454	453	453
D4	454	455	s455	454	454
D4	455	456	s456	455	455
D4	456	457	s457	456	456
D4	457	458	s458	457	457
D4	458	459	s459	458	458
D4	459	460	s460	459	459
D4	460	461	s461	460	460
D4	461	462	s462	461	461
D4	462	463	s463	462	462
D4	463	464	s464	463	463
D4	464	465	s465	464	464
D4	465	466	s466	465	465
D4	466	467	s467	466	466
D4	467	468	s468	467	467
D4	468	469	s469	468	468
D4	469	470	s470	469	469
D4	470	471	s471	470	470
D4	471	472	s472	471	471
D4	472	473	s473	472	472
D4	473	474	s474	473	473
D4	474	475	s475	474	474
D4	475	476	s476	475	475
D4	476	477	s477	476	476
D4	477	478	s478	477	477
D4	478	479	s479	478	478
D4	479	480	s480	479	479
D4	480	481	s481	480	480
D4	481	482	s482	481	481
D4	482	483	s483	482	482
D4	483	484	s484	483	483
D4	484	485	s485	484	484
D4	485	486	s486	485	485
D4	486	487	s487	486	486
D4	487	488	s488	487	487
D4	488	489	s489	488	488
D4	489	490	s490	489	489
D4	490	491	s491	490	490
D4	491	492	s492	491	491
D4	492	493	s493	492	492
D4	493	494	s494	493	493
D4	494	495	s495	494	494
D4	495	496	s496	495	495
D4	496	497	s497	496	496
D4	497	498	s498	497	497
D4	498	499	s499	498	498
D4	499	500	s500	499	499
