anonymous_case	outcome	baseline_median_seconds	baseline_iqr_seconds	baseline_min_seconds	baseline_max_seconds	baseline_niter	baseline_converged	baseline_repeat1_seconds	baseline_repeat2_seconds	baseline_repeat3_seconds	baseline_repeat4_seconds	baseline_repeat5_seconds	baseline_repeat6_seconds	baseline_repeat7_seconds	candidate_median_seconds	candidate_iqr_seconds	candidate_min_seconds	candidate_max_seconds	candidate_niter	candidate_converged	candidate_repeat1_seconds	candidate_repeat2_seconds	candidate_repeat3_seconds	candidate_repeat4_seconds	candidate_repeat5_seconds	candidate_repeat6_seconds	candidate_repeat7_seconds
case001	faster	0.008254506	0.00024094600000000056	0.008130638	0.008797259	8	True	0.008215196	0.008295618	0.008130638	0.008254506	0.00823145	0.008797259	0.00863292	0.008022103	0.0001595875000000007	0.008001001	0.008476343	8	True	0.008476343	0.00823747	0.008014732	0.008001001	0.00811223	0.008022103	0.008015793
case002	faster	0.004313566	0.000126157	0.004243829	0.004488662	2	True	0.004275328	0.004488662	0.004264421	0.004313566	0.004243829	0.004352535	0.004439528	0.004001002	7.8538500000001e-05	0.003903454	0.004155796	2	True	0.004155796	0.004074823	0.004001002	0.003903454	0.004067993	0.003995003	0.003990736
case003	faster	0.006304757	3.9711000000000433e-05	0.006239097	0.006371288	13	True	0.006289754	0.006239097	0.006337698	0.006331478	0.006371288	0.0063	0.006304757	0.006119967	5.520900000000051e-05	0.006067457	0.006256294	13	True	0.006172647	0.006256294	0.006080397	0.006067457	0.006126557	0.006108389	0.006119967
case004	faster	0.002712606	4.975999999999982e-05	0.002643742	0.002791756	2	True	0.002791756	0.002690393	0.002685214	0.002713787	0.002712606	0.00276134	0.002643742	0.002646836	0.00011482450000000009	0.002601408	0.002842814	2	True	0.002646836	0.002645374	0.002601408	0.002698395	0.002842814	0.002811596	0.002634968
case005	faster	0.075664005	0.002014777999999995	0.072167739	0.078841837	79	True	0.076161118	0.078232673	0.078841837	0.075664005	0.075284808	0.075079427	0.072167739	0.071719328	0.0009020839999999974	0.069851283	0.072198596	79	True	0.072059965	0.072198596	0.071719328	0.071820171	0.071654059	0.070421909	0.069851283
case006	slower	0.007313728	0.00011622100000000055	0.007259345	0.007879727	7	True	0.007313728	0.007879727	0.00742721	0.007301219	0.007259345	0.007296051	0.007402502	0.010297314	0.00011020799999999879	0.010226308	0.010453142	7	True	0.010233418	0.010226308	0.010453142	0.010386531	0.010297314	0.010305438	0.010238135
case007	faster	0.036480796	0.0003021734999999956	0.036237407	0.037048137	43	True	0.036480796	0.036407225	0.036237407	0.036303858	0.036681972	0.036633458	0.037048137	0.033968255	0.0005819580000000005	0.033879229	0.035523664	43	True	0.034376434	0.035523664	0.033957559	0.034628937	0.033883896	0.033968255	0.033879229
case008	faster	0.007519319	3.440200000000022e-05	0.007478158	0.007572131	6	True	0.007535735	0.007478158	0.007544538	0.007505289	0.007572131	0.00750618	0.007519319	0.007349763	7.272049999999981e-05	0.007210712	0.007600473	6	True	0.007366749	0.007600473	0.00744026	0.007327038	0.00733453	0.007349763	0.007210712
case009	faster	0.019230911	0.0002178964999999984	0.01894651	0.019443734	36	True	0.019345426	0.019092311	0.019082686	0.019265364	0.019230911	0.019443734	0.01894651	0.012165289	0.00012875549999999923	0.011864282	0.012262146	36	True	0.012199782	0.012244399	0.012062624	0.012124046	0.012165289	0.012262146	0.011864282
case010	faster	0.0036046	3.61300000000001e-05	0.003564919	0.003654635	3	True	0.003631971	0.003654635	0.003608436	0.003582536	0.0036046	0.003564919	0.003585611	0.002284846	7.739800000000022e-05	0.002211726	0.002345609	3	True	0.002295373	0.002290115	0.002345609	0.002211726	0.002211856	0.002284846	0.002218836
case011	slower	0.006989425	0.00011160349999999979	0.006887571	0.007243902	28	True	0.006887571	0.007243902	0.006989425	0.007069637	0.00697856	0.007120705	0.006988575	0.010876284	0.00012115849999999942	0.010644762	0.011144721	28	True	0.011144721	0.010960081	0.010876284	0.010834771	0.010931277	0.01081427	0.010644762
case012	slower	0.003012642	4.70809999999996e-05	0.002943627	0.003580863	9	True	0.002988805	0.003012642	0.003036197	0.003055155	0.002943627	0.003008385	0.003580863	0.003186535	0.0016096269999999993	0.003019411	0.004798722	9	True	0.004798722	0.004775336	0.004604026	0.00310354	0.003019411	0.003186535	0.003056568
case013	faster	0.004337352	4.144300000000038e-05	0.004320846	0.004592418	6	True	0.004397853	0.004327456	0.004333646	0.004346135	0.004337352	0.004320846	0.004592418	0.004056325	0.00018895700000000001	0.003981802	0.004532088	6	True	0.004200995	0.004018978	0.004044167	0.004532088	0.004056325	0.003981802	0.004240064
case014	faster	0.004204841	6.460749999999925e-05	0.004118059	0.004275878	6	True	0.004275878	0.004259543	0.004150969	0.004204841	0.004214325	0.004193684	0.004118059	0.003990406	0.0001459069999999998	0.003813036	0.004141454	6	True	0.004141454	0.003989613	0.003835921	0.00409217	0.003990406	0.003813036	0.004025178
case015	faster	0.105228071	0.0018788710000000042	0.103033651	0.108047388	12	True	0.108047388	0.105027296	0.107447599	0.104915376	0.103033651	0.106252815	0.105228071	0.104530353	0.002783814500000009	0.102599153	0.107356371	12	True	0.106016278	0.106789301	0.102599153	0.104189696	0.104530353	0.107356371	0.103048254
case016	faster	0.102306347	0.0029808625000000144	0.09940873	0.104169575	5	True	0.09940873	0.100045446	0.101412491	0.102306347	0.103641342	0.10377832	0.104169575	0.097953053	0.004324217000000005	0.093857438	0.104071036	5	True	0.094048367	0.093857438	0.096392745	0.098069349	0.104071036	0.097953053	0.101020197
case017	faster	0.002348213	5.5929500000000305e-05	0.002303104	0.002425621	2	True	0.002397257	0.00233918	0.002303104	0.002425621	0.002366421	0.002312639	0.002348213	0.002323526	6.017150000000009e-05	0.002314201	0.002739557	2	True	0.002739557	0.002325619	0.002319029	0.002323526	0.002314201	0.00243156	0.002317807
case018	slower	0.0023268	6.321549999999988e-05	0.002304136	0.002415705	2	True	0.0023268	0.002304136	0.002369725	0.002324658	0.002307581	0.002415705	0.002388945	0.002330136	3.9455000000000306e-05	0.002268242	0.002356826	2	True	0.002268242	0.0023263	0.002354593	0.002356826	0.002330136	0.002344758	0.002294141
case019	faster	0.006559884	5.7882500000000156e-05	0.006456887	0.00662979	9	True	0.006578402	0.006456887	0.006559884	0.00662979	0.006585753	0.006503769	0.006544621	0.006233428	0.00011495450000000018	0.006082961	0.006464579	9	True	0.006464579	0.006249272	0.006296064	0.006210023	0.006233428	0.006082961	0.006105404
case020	faster	0.01122979	0.00014926699999999807	0.01090049	0.011276351	19	True	0.01122979	0.011123238	0.011104028	0.01090049	0.011252054	0.011276351	0.011273746	0.010811285	7.641099999999845e-05	0.010736801	0.011010146	19	True	0.010811285	0.010824775	0.010778534	0.010899388	0.011010146	0.010792807	0.010736801
case021	faster	0.00567443	0.00017396300000000007	0.005551794	0.00606283	4	True	0.00599104	0.005551794	0.005682041	0.005671696	0.00567443	0.00606283	0.005653459	0.004884701	0.00016001749999999988	0.004724018	0.004950502	4	True	0.004931282	0.00490324	0.004884701	0.004950502	0.004778381	0.004736106	0.004724018
case022	faster	0.004532357	0.00015104499999999896	0.00442228	0.004625239	2	True	0.00456702	0.004625239	0.004454769	0.004618619	0.00442228	0.00442878	0.004532357	0.003988772	5.670999999999975e-05	0.003884744	0.004045529	2	True	0.004020961	0.004045529	0.004018977	0.003988772	0.003884744	0.003949263	0.003977255
case023	faster	0.007458617	6.989149999999875e-05	0.007363363	0.007498117	7	True	0.007471327	0.007385876	0.007498117	0.007465377	0.007458617	0.007411045	0.007363363	0.007194486	0.000172872000000001	0.007126173	0.0074344	7	True	0.0074344	0.007385056	0.007288348	0.007126173	0.007194486	0.007186975	0.007140685
case024	faster	0.017388084	7.148900000000097e-05	0.017207039	0.017428115	22	True	0.017388084	0.017388104	0.017428115	0.017369956	0.017408965	0.017284135	0.017207039	0.016433075	6.039649999999702e-05	0.016296798	0.016547919	22	True	0.016525495	0.016433075	0.016547919	0.016296798	0.016429229	0.016457562	0.016433035
case025	faster	0.002657042	0.00018455550000000005	0.00255699	0.003050569	2	True	0.002838067	0.003050569	0.002657042	0.002654518	0.002646846	0.00255699	0.002832408	0.001731918	2.6029500000000066e-05	0.001698997	0.001778538	2	True	0.001736034	0.001731918	0.001698997	0.001709834	0.001737396	0.001778538	0.001711537
case026	faster	0.003078321	0.00010684750000000036	0.003027173	0.003269651	4	True	0.003185063	0.003038581	0.003027173	0.003078321	0.003063608	0.003130821	0.003269651	0.002003841	2.08309999999998e-05	0.001978372	0.002129281	4	True	0.001995699	0.002129281	0.002011522	0.002014456	0.002003841	0.001988617	0.001978372
case027	faster	0.036510819	0.00023237199999999458	0.036229422	0.037333468	74	True	0.037333468	0.036581526	0.036510819	0.036411929	0.036580384	0.036229422	0.036285237	0.035164216	0.0002795789999999951	0.034687542	0.035541078	74	True	0.034687542	0.035541078	0.035426123	0.035164216	0.03495568	0.03519985	0.035111135
case028	slower	0.003877574	1.924450000000003e-05	0.003825434	0.003922993	3	True	0.003922993	0.003864564	0.003861138	0.003877574	0.003881199	0.003882992	0.003825434	0.004076856	5.701700000000122e-05	0.003986229	0.00432317	3	True	0.00432317	0.004129757	0.003986229	0.004070096	0.004076856	0.004092069	0.004037696
case029	faster	0.008497414	0.00016792349999999838	0.008371934	0.008713951	13	True	0.008688042	0.008505756	0.008497414	0.008713951	0.00844829	0.008371934	0.008409661	0.008288897	9.89154999999995e-05	0.008151629	0.008392093	13	True	0.00830393	0.008151629	0.008191419	0.008262938	0.008392093	0.008288897	0.008348258
case030	faster	0.003379128	9.459399999999993e-05	0.00322912	0.003432829	2	True	0.003432829	0.00340748	0.003390275	0.003350474	0.003379128	0.00322912	0.003258093	0.003280398	6.0406499999999565e-05	0.003266356	0.003410735	2	True	0.003280398	0.003275921	0.003410735	0.00336795	0.003279856	0.00330864	0.003266356
case031	faster	0.005515329	0.00018954249999999975	0.005438341	0.005708882	7	True	0.005515329	0.005449098	0.005439083	0.005581269	0.005685997	0.005438341	0.005708882	0.005322957	6.989099999999988e-05	0.005232188	0.005486615	7	True	0.005353222	0.005299471	0.005232188	0.005357599	0.005322957	0.005486615	0.005271568
case032	faster	0.003943733	7.114750000000031e-05	0.003824473	0.003957235	4	True	0.003957235	0.00394818	0.003909742	0.003943733	0.003955682	0.003851825	0.003824473	0.003930023	0.00010382249999999925	0.003795138	0.003958036	4	True	0.00381601	0.003958036	0.00394163	0.003933709	0.003930023	0.003851684	0.003795138
case033	slower	0.003601134	8.791349999999996e-05	0.003530147	0.003665161	4	True	0.00365132	0.003562445	0.003534002	0.003665161	0.003601134	0.003620954	0.003530147	0.003902101	0.00014327800000000016	0.003709539	0.003944115	4	True	0.003742359	0.003709539	0.003902101	0.003818413	0.003913218	0.00393411	0.003944115
case034	slower	0.002993773	6.603449999999971e-05	0.002830615	0.003053934	2	True	0.002994353	0.002972831	0.002993773	0.003005049	0.003053934	0.002894502	0.002830615	0.003210912	6.586450000000028e-05	0.003122468	0.003297995	2	True	0.003180396	0.003122468	0.003198864	0.003297995	0.003231763	0.003210912	0.003279226
case035	slower	0.002558682	6.17440000000003e-05	0.002481215	0.00258944	2	True	0.00258944	0.002518682	0.002558682	0.002560726	0.002485191	0.002566635	0.002481215	0.002810945	0.00017477500000000028	0.002684003	0.003111722	2	True	0.002998259	0.003111722	0.002725165	0.002739907	0.002684003	0.002810945	0.002816363
case036	slower	0.002745986	5.13025000000002e-05	0.002711323	0.002798366	2	True	0.002798366	0.002745986	0.002785407	0.002770032	0.002711323	0.002735781	0.002717053	0.002974564	8.345150000000018e-05	0.002857085	0.003145072	2	True	0.002974564	0.002857085	0.003039703	0.003028535	0.002951569	0.002949766	0.003145072
case037	slower	0.003677149	6.573900000000042e-05	0.003605891	0.003708136	9	True	0.003708136	0.003669078	0.003605891	0.003706433	0.003613062	0.003707185	0.003677149	0.003917584	0.00022980899999999922	0.003841539	0.004214595	9	True	0.004115365	0.00388833	0.004091859	0.003841539	0.004214595	0.003917584	0.003859276
case038	slower	0.00286674	2.516749999999972e-05	0.002825297	0.002905889	6	True	0.00286674	0.002882253	0.002905889	0.002825297	0.002890756	0.002857656	0.002865018	0.003249671	7.175949999999997e-05	0.003155849	0.003328861	6	True	0.003207907	0.003258795	0.003328861	0.003249671	0.003155849	0.003306527	0.003213896
case039	slower	0.026106721	0.00029494249999999916	0.025780466	0.026361327	13	True	0.025780466	0.02582885	0.026106721	0.026087622	0.026205782	0.026361327	0.026300575	0.027035231	0.0004146884999999996	0.026572618	0.027789075	13	True	0.027035231	0.027789075	0.026644438	0.02721948	0.026812162	0.027066497	0.026572618
case040	slower	0.034047069	0.0004890825000000085	0.0336064	0.034612808	16	True	0.034612808	0.034196636	0.034254735	0.034047069	0.033774175	0.0336064	0.033699031	0.036064059	0.00027449699999999855	0.035925529	0.036825114	16	True	0.036064059	0.036049307	0.03645315	0.035940542	0.036825114	0.035925529	0.036085693
case041	faster	0.024515106	0.001110574999999999	0.024211245	0.026477604	6	True	0.026477604	0.02611871	0.024515106	0.024269534	0.024739938	0.024367964	0.024211245	0.023164047	0.0014644515000000018	0.021505449	0.025027474	6	True	0.024658133	0.025027474	0.023164047	0.022569474	0.022903241	0.023743485	0.021505449
case042	slower	0.02172952	0.0011803655000000024	0.020593286	0.023814943	4	True	0.020713869	0.020593286	0.022602414	0.023814943	0.021838275	0.02172952	0.021366089	0.022234346	0.0024443334999999997	0.021108918	0.027510761	4	True	0.022415551	0.021108918	0.022234346	0.022090498	0.025925416	0.021361802	0.027510761
case043	slower	0.004616605	0.00035250999999999946	0.004342249	0.005130274	4	True	0.005130274	0.004537665	0.004616605	0.005010763	0.004620781	0.004342249	0.004388859	0.005596381	8.58905000000014e-05	0.005262054	0.005692297	4	True	0.005454496	0.005262054	0.005599827	0.005580948	0.005607398	0.005692297	0.005596381
case044	slower	0.004050776	0.00020637750000000038	0.003891484	0.004328868	3	True	0.004303509	0.004328868	0.003994961	0.004050776	0.004125119	0.003891484	0.004020912	0.004539668	0.00032301050000000005	0.004411363	0.005243796	3	True	0.004952815	0.005243796	0.004539668	0.004411363	0.00451493	0.004629955	0.004421819
case045	slower	0.005805589	6.806300000000015e-05	0.005707279	0.005854884	7	True	0.005847062	0.005854884	0.005805589	0.005849014	0.005788873	0.005707279	0.005771077	0.00637978	0.0006398805000000004	0.006072234	0.007051029	7	True	0.006072234	0.006165705	0.00633347	0.007009315	0.006769621	0.00637978	0.007051029
case046	slower	0.004184619	4.7837000000000227e-05	0.004120242	0.004228175	4	True	0.004188125	0.004170889	0.004120242	0.004136857	0.004184619	0.004215295	0.004228175	0.00485685	0.00015481950000000022	0.004667693	0.005379311	4	True	0.004667693	0.005379311	0.004727543	0.00485685	0.00485053	0.004938583	0.004949129
case047	slower	0.017369003	0.00021990850000000103	0.017257064	0.017767768	3	True	0.017307039	0.017383345	0.017655337	0.017369003	0.017257064	0.017767768	0.017291826	0.017911667	0.00020641299999999904	0.017665954	0.018126192	3	True	0.017971287	0.017911667	0.017705554	0.017665954	0.017793057	0.018126192	0.01794015
case048	slower	0.015279764	0.0001061460000000014	0.015261746	0.015414247	2	True	0.015381508	0.015262006	0.015355518	0.015261746	0.015262728	0.015279764	0.015414247	0.016879231	0.00042804000000000106	0.016447135	0.017363045	2	True	0.016588669	0.016447135	0.016784346	0.017363045	0.017049518	0.016879231	0.017179577
case049	faster	0.345299551	0.005185738499999981	0.340384815	0.350436165	100	False	0.340384815	0.342101098	0.341747222	0.345299551	0.347541223	0.346678574	0.350436165	0.246114308	0.006728194499999951	0.242857898	0.272597601	100	False	0.254061597	0.246114308	0.247168549	0.272597601	0.242857898	0.244318624	0.243455133
case050	faster	0.081814685	0.0011919629999999903	0.081438313	0.083638271	6	True	0.081621231	0.081814685	0.081454368	0.081438313	0.082636391	0.083638271	0.082823134	0.061253758	0.001429093499999999	0.0598515	0.065172113	6	True	0.061253758	0.0598515	0.059998042	0.060366732	0.061336313	0.065172113	0.061886648
case051	slower	0.006041275	0.00018408900000000013	0.005727571	0.006177002	10	True	0.005957629	0.005798618	0.005727571	0.006041275	0.006177002	0.006083049	0.006041376	0.006071582	0.00025479700000000105	0.005955366	0.006652513	10	True	0.006652513	0.006071582	0.005992682	0.005955366	0.006042618	0.006389094	0.0061558
case052	slower	0.00317035	6.33665000000002e-05	0.003098562	0.003566832	2	True	0.00317035	0.003199435	0.003195389	0.003132173	0.003135918	0.003566832	0.003098562	0.003410525	0.00018391999999999974	0.003134055	0.003958666	2	True	0.00315725	0.003134055	0.003423374	0.003958666	0.003484718	0.003383002	0.003410525
case053	faster	0.004867455	0.0001456704999999994	0.004539217	0.004999556	4	True	0.004999556	0.004539217	0.004808475	0.004731009	0.004867455	0.004944782	0.004886043	0.004471415	0.00020999300000000033	0.004274896	0.004722926	4	True	0.004722926	0.004611256	0.004435991	0.004471415	0.004585277	0.004340556	0.004274896
case054	faster	0.005428987	0.0005671104999999997	0.005131465	0.006007435	5	True	0.005731436	0.005428987	0.005161742	0.006007435	0.005131465	0.005767341	0.005202814	0.004824911	0.00023568200000000008	0.004599579	0.005155141	5	True	0.005095911	0.004789217	0.004933035	0.004824911	0.004768365	0.004599579	0.005155141
case055	faster	0.004354507	6.016650000000012e-05	0.004322999	0.0046203	5	True	0.0046203	0.004322999	0.004354507	0.004383891	0.004416181	0.004347777	0.004331962	0.004289437	0.00010363749999999991	0.004249528	0.004411503	5	True	0.004358303	0.004286233	0.004411503	0.004289437	0.004386926	0.004251721	0.004249528
case056	faster	0.003006601	2.5343000000000587e-05	0.002961603	0.003046112	2	True	0.002961603	0.003016116	0.003006601	0.003000884	0.002996586	0.003046112	0.00303204	0.002991409	6.935449999999994e-05	0.002927422	0.003122858	2	True	0.003122858	0.003048044	0.002991409	0.002991869	0.002939951	0.002927422	0.002961253
case057	faster	0.003467682	0.00017932200000000042	0.003257773	0.003562615	2	True	0.003469765	0.003257773	0.003467682	0.003506901	0.003333548	0.003284474	0.003562615	0.003450465	0.00014289649999999973	0.003345866	0.003725502	2	True	0.003469003	0.003345866	0.003372036	0.003594133	0.003725502	0.003450465	0.003405307
case058	faster	0.004815246	0.00016168000000000085	0.004643615	0.005168822	5	True	0.005168822	0.004790769	0.004868657	0.004815246	0.005059116	0.004643615	0.004813644	0.004721544	8.247999999999936e-05	0.004620621	0.004820273	5	True	0.004670416	0.004620621	0.004820273	0.004743497	0.004798691	0.004721544	0.004706812
case059	faster	0.008691356	0.0003325194999999996	0.008411462	0.009125275	7	True	0.00900991	0.008411462	0.008691356	0.008624636	0.008451883	0.009125275	0.008731648	0.007716438	0.00016544600000000052	0.007621032	0.008249367	7	True	0.008249367	0.007721415	0.007705131	0.007621032	0.008021531	0.007706923	0.007716438
case060	faster	0.006850353	0.0003967769999999992	0.006606003	0.008822966	4	True	0.006700036	0.006705002	0.007082355	0.006606003	0.007116237	0.006850353	0.008822966	0.005843075	0.00012684750000000085	0.00577358	0.005955887	4	True	0.005947394	0.005843075	0.005955887	0.005817186	0.005904528	0.005781041	0.00577358
case061	slower	0.010507182	0.00019653799999999957	0.010368061	0.011348207	16	True	0.010507182	0.010716339	0.010425778	0.010520291	0.011348207	0.010368061	0.010417776	0.014452768	5.973650000000094e-05	0.011545677	0.014646402	16	True	0.014490897	0.014452768	0.014445737	0.014444936	0.014519249	0.014646402	0.011545677
case062	slower	0.003898464	0.00017197550000000016	0.003639451	0.003982112	3	True	0.003898464	0.003958887	0.003982112	0.003965126	0.003761037	0.003639451	0.003819025	0.005426112	0.0001360269999999995	0.005322125	0.005489909	3	True	0.005345941	0.005426112	0.005322125	0.005323877	0.005489909	0.005453424	0.005488448
case063	slower	0.00278824	0.00013724899999999988	0.002693607	0.002929805	19	True	0.00284002	0.002929805	0.002746998	0.00278824	0.002912399	0.002730923	0.002693607	0.003804001	2.1372999999999878e-05	0.003772324	0.003910653	19	True	0.003786395	0.003804001	0.003772324	0.003819987	0.003910653	0.003798183	0.003807337
case064	slower	0.001833762	3.752699999999987e-05	0.001775254	0.001890959	7	True	0.001775254	0.001833762	0.001827303	0.001869747	0.001853963	0.001890959	0.001821353	0.002514695	2.7385999999999903e-05	0.002480664	0.002585363	7	True	0.002529748	0.002514695	0.002513043	0.002480664	0.002541596	0.002503529	0.002585363
case065	slower	0.004783037	0.00013053300000000038	0.004680932	0.005649171	9	True	0.004783037	0.004680932	0.004682595	0.004831561	0.005649171	0.004777108	0.004889208	0.006354612	5.907449999999984e-05	0.006290224	0.006431398	9	True	0.006431398	0.006398078	0.006354612	0.006363314	0.006326208	0.006317035	0.006290224
case066	slower	0.002284266	0.00015546700000000028	0.002175451	0.00242565	2	True	0.002363607	0.002408314	0.002186987	0.002175451	0.00242565	0.002274	0.002284266	0.002889584	2.3209500000000334e-05	0.002855042	0.002897496	2	True	0.002855042	0.00289359	0.002897496	0.002882634	0.002861702	0.002897165	0.002889584
case067	faster	0.002168009	6.432249999999964e-05	0.002100877	0.002200999	2	True	0.002181489	0.002169111	0.00210251	0.002100877	0.002168009	0.002200999	0.002119445	0.002073416	8.581550000000011e-05	0.00199681	0.00222144	2	True	0.002103882	0.002024091	0.00199681	0.00222144	0.002107147	0.002073416	0.002015307
case068	faster	0.002615589	7.607100000000004e-05	0.002578613	0.002803213	2	True	0.002600415	0.002615589	0.002803213	0.002582798	0.002578613	0.002662239	0.002673116	0.002311257	5.062200000000017e-05	0.002218216	0.002368453	2	True	0.002315724	0.002272949	0.002218216	0.002281952	0.002311257	0.002340421	0.002368453
case069	faster	0.002723392	0.00010701299999999955	0.00260374	0.002801491	5	True	0.002695499	0.00260374	0.002801491	0.002611472	0.00278832	0.002723392	0.002732677	0.002594997	0.00024043499999999978	0.002551121	0.002982185	5	True	0.002682139	0.002594005	0.002577901	0.002551121	0.002970637	0.002982185	0.002594997
case070	faster	0.001829326	1.891949999999979e-05	0.001762014	0.001865961	2	True	0.001817938	0.001829326	0.001830748	0.001846021	0.001865961	0.001762014	0.001820992	0.001744186	3.114200000000006e-05	0.001720941	0.00181913	2	True	0.001738197	0.001744186	0.00181913	0.001751758	0.001775303	0.001720941	0.00172658
case071	faster	0.004323689	2.7036000000001115e-05	0.004299003	0.004367156	5	True	0.004311071	0.004323689	0.004338222	0.004326524	0.004367156	0.004299603	0.004299003	0.003127976	0.00011495500000000035	0.003051841	0.003554483	5	True	0.003554483	0.003066822	0.003198793	0.003116158	0.003051841	0.003127976	0.003214097
case072	faster	0.004011315	5.938500000000034e-05	0.003976423	0.004190618	4	True	0.004190618	0.004058417	0.004001301	0.004011315	0.003976423	0.004039609	0.003977955	0.002987242	0.00022724500000000005	0.00282767	0.003409553	4	True	0.003409553	0.003026943	0.003218012	0.002987242	0.002904788	0.00282767	0.002885677
case073	faster	0.004100742	0.00011126899999999978	0.003956593	0.004163827	16	True	0.004163827	0.003956593	0.004146071	0.004100742	0.004129475	0.004039198	0.00401381	0.004027039	8.562500000000063e-05	0.003879146	0.004267706	16	True	0.004267706	0.004081493	0.003980089	0.003879146	0.003993559	0.004027039	0.004063405
case074	faster	0.002132184	2.9620499999999904e-05	0.002108319	0.002207529	4	True	0.002124543	0.002161179	0.002132184	0.002108319	0.002207529	0.002112385	0.00213499	0.002121698	0.0001054150000000002	0.002046906	0.002265527	4	True	0.002162	0.002241541	0.002265527	0.002120357	0.002121698	0.002072354	0.002046906
case075	slower	0.001618716	1.598450000000009e-05	0.001578885	0.001739599	4	True	0.001616303	0.001618716	0.001578885	0.001624946	0.001637495	0.001614169	0.001739599	0.001655742	8.133750000000007e-05	0.001599317	0.001769134	4	True	0.001699568	0.001619197	0.001618105	0.001700409	0.001769134	0.001599317	0.001655742
case076	faster	0.001397129	4.972599999999994e-05	0.001378021	0.001483751	2	True	0.001397129	0.001378021	0.001391961	0.001382758	0.001483751	0.001416419	0.001457752	0.001364361	8.934049999999977e-05	0.001317719	0.001509861	2	True	0.00150279	0.001355406	0.001376238	0.001317719	0.001364361	0.001344941	0.001509861
case077	faster	0.001501348	0.0004896689999999999	0.001418001	0.001976929	2	True	0.001501348	0.001469399	0.00148337	0.001418001	0.001976929	0.001962859	0.001969248	0.001418412	3.558899999999993e-05	0.001363719	0.001537473	2	True	0.001445924	0.001414396	0.00141055	0.001418412	0.001537473	0.0014502	0.001363719
case078	faster	0.00163481	4.505799999999995e-05	0.001558274	0.001725197	2	True	0.001616783	0.001558274	0.001684866	0.001615962	0.001637995	0.001725197	0.00163481	0.001572786	2.0881499999999675e-05	0.001513937	0.001616062	2	True	0.001574689	0.001513937	0.001558525	0.001560778	0.001586377	0.001572786	0.001616062
case079	slower	0.006907029	8.705750000000036e-05	0.006862903	0.007203339	9	True	0.006956784	0.006907029	0.00690178	0.006988813	0.007203339	0.006869702	0.006862903	0.007052229	0.00013004299999999983	0.00688725	0.007139492	9	True	0.007118421	0.00688725	0.006927461	0.00698704	0.007056166	0.007139492	0.007052229
case080	slower	0.004171609	9.394299999999911e-05	0.004070566	0.00419887	4	True	0.004081522	0.004098338	0.00419887	0.004171609	0.004070566	0.004176757	0.004190989	0.004319604	0.00011225550000000008	0.004204169	0.004364541	4	True	0.004322098	0.00433712	0.004364541	0.004319604	0.004221114	0.004204169	0.004213593
case081	slower	0.004584385	0.0002601299999999999	0.004317019	0.004827034	5	True	0.004612038	0.004665989	0.004584385	0.004378533	0.004379234	0.004827034	0.004317019	0.005799749	7.671149999999988e-05	0.004055132	0.00609646	5	True	0.00609646	0.005837567	0.005837306	0.005799749	0.005742953	0.005778497	0.004055132
case082	faster	0.003053833	8.421800000000005e-05	0.002930055	0.003143659	2	True	0.003143659	0.003034144	0.003104801	0.003053833	0.003023207	0.003120986	0.002930055	0.002540063	6.34159999999993e-05	0.002506192	0.002707388	2	True	0.002536529	0.002512512	0.002707388	0.002540063	0.002567365	0.002506192	0.002608508
case083	faster	0.031029907	0.0008841405000000017	0.0303131	0.03169728	18	True	0.0303131	0.030461786	0.030475707	0.031469083	0.031029907	0.03169728	0.031236691	0.029835976	0.0009067754999999983	0.028337101	0.031852055	18	True	0.029835976	0.030704454	0.029614851	0.029964551	0.031852055	0.029240603	0.028337101
case084	faster	0.021555743	0.0005877269999999962	0.020925217	0.021919956	6	True	0.021758251	0.020925217	0.021029485	0.021555743	0.021919956	0.021297702	0.02174439	0.019689823	0.00021977850000000354	0.019436628	0.020041316	6	True	0.019744316	0.019436628	0.019646647	0.01987974	0.020041316	0.019689823	0.019537852
case085	slower	0.002318457	6.185399999999964e-05	0.002226669	0.002351959	2	True	0.002351959	0.002226669	0.002245537	0.002336455	0.002292798	0.002318457	0.002325588	0.002322324	5.693649999999979e-05	0.00220864	0.00241248	2	True	0.00241248	0.00220864	0.002277535	0.002382254	0.002329324	0.00232017	0.002322324
case086	slower	0.002174328	3.393699999999994e-05	0.002135379	0.002196272	2	True	0.002196272	0.002174328	0.002137963	0.002164364	0.002181069	0.002135379	0.002189132	0.002203112	4.364100000000051e-05	0.002149411	0.0022345	2	True	0.002222702	0.002203112	0.002186287	0.002149411	0.0022345	0.002171284	0.002222151
case087	faster	0.006359408	7.025650000000092e-05	0.006256332	0.006427202	8	True	0.006424857	0.006359478	0.006359408	0.006427202	0.006303112	0.006256332	0.00634071	0.00621486	5.922999999999866e-05	0.006169921	0.00633464	8	True	0.00633464	0.006238756	0.0062485	0.00621486	0.006190282	0.006178514	0.006169921
case088	slower	0.003292926	4.091699999999969e-05	0.003252745	0.00334207	2	True	0.00332141	0.003252745	0.003289361	0.0032886	0.003338385	0.003292926	0.00334207	0.003334169	4.53290000000002e-05	0.003233956	0.003377395	2	True	0.003344525	0.003341239	0.003334169	0.003319607	0.003377395	0.003233956	0.003275499
case089	faster	0.023296174	0.00010842900000000016	0.023065344	0.023393211	6	True	0.023296174	0.023274461	0.023393211	0.023263174	0.023382334	0.023065344	0.023372159	0.017100474	0.0004299620000000025	0.016994523	0.018187453	6	True	0.017100474	0.017060143	0.017723319	0.017076578	0.017273326	0.016994523	0.018187453
case090	slower	0.016770884	0.0002633699999999989	0.016303175	0.019908895	3	True	0.019908895	0.016644782	0.016770884	0.016927391	0.016697813	0.016941944	0.016303175	0.017127806	0.0005486129999999999	0.01670893	0.017834347	3	True	0.017092401	0.017834347	0.017461382	0.017127806	0.01670893	0.017569576	0.016841331
case091	slower	0.002135721	3.80624999999999e-05	0.002115159	0.002308362	5	True	0.002166958	0.002154118	0.002129642	0.002135721	0.002115309	0.002308362	0.002115159	0.002165685	0.00014888650000000015	0.002040646	0.002337166	5	True	0.002112274	0.002065043	0.002040646	0.002192266	0.002165685	0.002337166	0.002282824
case092	faster	0.002427803	0.00013151449999999985	0.002307411	0.002466522	5	True	0.002466522	0.002466001	0.002464329	0.002427803	0.002323966	0.002343335	0.002307411	0.002384267	0.00012946149999999972	0.002318017	0.002536779	5	True	0.002443417	0.002536779	0.002383165	0.002519733	0.002318017	0.002321062	0.002384267
case093	faster	0.007450754	0.0003263259999999992	0.007083567	0.007561271	9	True	0.007524105	0.007561271	0.007535142	0.007450754	0.007284701	0.007083567	0.007121894	0.00702012	9.2720499999999e-05	0.006900239	0.007282008	9	True	0.007282008	0.007037488	0.006900239	0.007113131	0.006998378	0.00702012	0.0069668
case094	faster	0.003853026	0.00011447399999999983	0.003609426	0.004005226	3	True	0.00379002	0.004005226	0.003853026	0.003870853	0.003893978	0.003745863	0.003609426	0.00381685	0.00011313199999999973	0.003653143	0.003911164	3	True	0.003858484	0.003911164	0.003885736	0.00381685	0.003653143	0.003725562	0.003792394
case095	slower	0.014492387	0.0006991659999999993	0.014068804	0.015769905	6	True	0.014068804	0.015769905	0.014492387	0.014434008	0.015195163	0.014340316	0.014977493	0.015724797	0.0007414905000000024	0.015024274	0.018552957	6	True	0.016816043	0.015638166	0.015724797	0.018552957	0.015817628	0.015024274	0.015512524
case096	faster	0.006618922	0.00026648899999999996	0.006253838	0.0068819	2	True	0.0068819	0.006482275	0.006496055	0.006253838	0.00663108	0.006880228	0.006618922	0.006596167	0.0010317400000000006	0.006353619	0.008373064	2	True	0.007236949	0.006437647	0.006444417	0.006353619	0.006596167	0.007708595	0.008373064
case097	slower	0.003978556	6.719249999999951e-05	0.003901128	0.004037957	11	True	0.004037957	0.004007951	0.003901128	0.003954149	0.003941039	0.004021622	0.003978556	0.005559635	9.672099999999927e-05	0.005503139	0.005689481	11	True	0.005689481	0.005610862	0.005622139	0.005559635	0.005516239	0.00552332	0.005503139
case098	slower	0.001960885	1.5974499999999933e-05	0.001929617	0.002125314	2	True	0.001960885	0.001941866	0.001929617	0.002125314	0.001966404	0.001964861	0.00195745	0.002704012	3.6495500000000274e-05	0.002641617	0.002747609	2	True	0.002700087	0.002721349	0.002720137	0.002704012	0.002747609	0.002641617	0.002668408
case099	slower	0.008593197	6.187849999999759e-05	0.008313582	0.008929107	17	True	0.008929107	0.008537983	0.008593197	0.008313582	0.00859518	0.008570814	0.008637374	0.011077887	0.0012770429999999985	0.009799478	0.011272171	17	True	0.009876894	0.009892478	0.009799478	0.011240113	0.011077887	0.011272171	0.011083345
case100	slower	0.003070669	0.00031422700000000026	0.002972851	0.003770211	2	True	0.003070618	0.003070669	0.002972851	0.003770211	0.003430855	0.002984167	0.003252384	0.003327348	0.00013517050000000017	0.003240196	0.003692252	2	True	0.00331601	0.003240196	0.003327348	0.003306567	0.003369843	0.003523075	0.003692252
case101	faster	0.008280653	6.775850000000083e-05	0.008190325	0.008489179	15	True	0.008489179	0.008298511	0.008243036	0.008252129	0.008332171	0.008190325	0.008280653	0.008025606	8.693149999999816e-05	0.007915899	0.008144036	15	True	0.008144036	0.008025606	0.007951374	0.008032877	0.00797584	0.0080682	0.007915899
case102	faster	0.004005027	2.5489000000000067e-05	0.003959857	0.004233854	4	True	0.004011937	0.0039814	0.004005027	0.004233854	0.003959857	0.004022653	0.004002212	0.003892276	3.4507499999999764e-05	0.003859125	0.003948941	4	True	0.003897944	0.003863942	0.003859125	0.003902281	0.003948941	0.003867268	0.003892276
case103	faster	0.004240634	0.00037374700000000066	0.004080861	0.004787864	3	True	0.004080861	0.004735234	0.004787864	0.004240634	0.004099329	0.004215065	0.004326654	0.003221928	7.5610000000005465e-06	0.003194597	0.003346016	3	True	0.003346016	0.003224011	0.003194597	0.003226214	0.003213536	0.003221928	0.003221567
case104	faster	0.003213406	0.00020932299999999954	0.002963055	0.003369292	2	True	0.003369292	0.003356072	0.003213406	0.002988524	0.003248929	0.003197831	0.002963055	0.002620306	3.0406000000000183e-05	0.002591372	0.00268941	2	True	0.002612013	0.00264314	0.002620306	0.002631202	0.00268941	0.002601517	0.002591372
case105	faster	0.006394491	0.00011630600000000005	0.00616294	0.00645942	15	True	0.006396865	0.006394491	0.00616294	0.006230222	0.006434882	0.00645942	0.006368913	0.005911899	6.344150000000062e-05	0.005844698	0.005992842	15	True	0.005992842	0.005975746	0.005887021	0.005878728	0.005916886	0.005844698	0.005911899
case106	faster	0.002407933	7.532450000000005e-05	0.002297345	0.002510699	2	True	0.002407933	0.002510699	0.002460503	0.002357186	0.002426862	0.002297345	0.00237953	0.00218182	4.629049999999978e-05	0.002140688	0.002219647	2	True	0.00218182	0.002219647	0.002209112	0.002205065	0.002154488	0.002140688	0.002167108
case107	faster	0.002690352	0.0001006125000000001	0.002627837	0.003017338	5	True	0.002690352	0.002753087	0.002674918	0.002767378	0.003017338	0.002644322	0.002627837	0.002651552	0.00015350300000000015	0.002508265	0.004848656	5	True	0.004848656	0.002575988	0.002508265	0.00251129	0.002658233	0.002736051	0.002651552
case108	faster	0.002191876	0.00016507049999999997	0.001980886	0.002895793	2	True	0.002211415	0.002895793	0.00232656	0.001980886	0.00205684	0.002150994	0.002191876	0.001976429	0.00013019300000000024	0.001907383	0.002180157	2	True	0.002180157	0.002067317	0.001976429	0.001907383	0.002100727	0.001947484	0.001960174
case109	faster	0.00174032	0.00047534149999999996	0.001583323	0.002383526	2	True	0.002383526	0.002357777	0.001617453	0.001583323	0.001844839	0.00174032	0.00163448	0.001466806	0.00010631599999999996	0.001336688	0.001546186	2	True	0.001497141	0.001376238	0.001466806	0.001476149	0.001546186	0.001336688	0.00138442
case110	faster	0.001544744	7.672100000000008e-05	0.001524803	0.001909908	2	True	0.001544744	0.001525434	0.001524803	0.001541199	0.001909908	0.001652777	0.001567298	0.001331039	6.145749999999996e-05	0.001300553	0.001407706	2	True	0.001407665	0.001331039	0.00131843	0.00131812	0.001407706	0.0013518	0.001300553
case111	slower	0.002147979	5.128350000000023e-05	0.002123531	0.002323505	2	True	0.002323505	0.002205917	0.002158595	0.002137522	0.002124423	0.002147979	0.002123531	0.00253158	0.00011438400000000036	0.002414543	0.002587136	2	True	0.002532272	0.002468705	0.002419711	0.002584912	0.002414543	0.002587136	0.00253158
case112	faster	0.004593409	0.00026902800000000015	0.004477362	0.004843579	7	True	0.004760231	0.004593409	0.004565476	0.00448217	0.004843579	0.004825471	0.004477362	0.004344111	0.00019871700000000103	0.004176797	0.004724868	7	True	0.004533498	0.004724868	0.004274495	0.004176797	0.004463662	0.004344111	0.004325231
case113	faster	0.001732649	7.410700000000012e-05	0.001648081	0.001932983	4	True	0.001762554	0.001932983	0.001732649	0.001769674	0.001703605	0.001648081	0.001680409	0.001698026	6.434300000000013e-05	0.001678816	0.00187231	4	True	0.001678816	0.001696323	0.001730085	0.00187231	0.00178619	0.001691266	0.001698026
case114	slower	0.001407185	7.797849999999999e-05	0.001350308	0.0015683	2	True	0.001407185	0.001422017	0.0015683	0.001380304	0.001350308	0.001510752	0.001396508	0.001678516	0.00021314899999999972	0.001422979	0.001881364	2	True	0.001422979	0.001518614	0.001881364	0.001521488	0.001716575	0.001749825	0.001678516
case115	slower	0.003264733	0.0002088709999999998	0.003214958	0.003749569	4	True	0.003264733	0.00324275	0.003380518	0.003214958	0.00353343	0.003749569	0.003253456	0.003311954	0.00024074550000000028	0.003108065	0.003718672	4	True	0.003718672	0.003347589	0.003207796	0.003108065	0.003140625	0.003482323	0.003311954
case116	slower	0.002619264	9.088299999999994e-05	0.002494354	0.002721209	2	True	0.002721209	0.002619264	0.002661387	0.002568396	0.002578912	0.002667687	0.002494354	0.002626455	0.0001398059999999997	0.002528075	0.00270917	2	True	0.002528075	0.002541236	0.002626455	0.002664432	0.00270917	0.002695108	0.002538692
case117	faster	0.001573828	4.871399999999983e-05	0.001525204	0.001738257	4	True	0.001738257	0.001573167	0.001525204	0.001551193	0.001583602	0.001573828	0.001638186	0.00140351	3.055100000000019e-05	0.001378241	0.001453946	4	True	0.001453946	0.00140351	0.001378241	0.001388006	0.001403149	0.001431001	0.001421256
case118	faster	0.001308605	1.8176999999999863e-05	0.001286572	0.001319572	2	True	0.001287834	0.001286572	0.00131231	0.001317058	0.00130518	0.001308605	0.001319572	0.001166751	2.2003499999999777e-05	0.00115329	0.001193922	2	True	0.00118685	0.001176405	0.001158287	0.00115329	0.001193922	0.001166751	0.001160961
case119	faster	0.003182869	1.031050000000009e-05	0.003146563	0.003224863	5	True	0.003224863	0.00318386	0.003188487	0.003182869	0.003174987	0.003146563	0.003176739	0.003111731	2.641000000000015e-05	0.003089357	0.003184631	5	True	0.003184631	0.003108035	0.003089357	0.003111731	0.003133314	0.003108106	0.003135647
case120	faster	0.001962667	7.076249999999999e-05	0.001936408	0.00203019	2	True	0.00203016	0.00203019	0.002004061	0.001952722	0.001962667	0.001939974	0.001936408	0.001957549	4.4462000000000104e-05	0.001939052	0.002005783	2	True	0.002005783	0.001972112	0.001944731	0.00200372	0.001957549	0.001942177	0.001939052
case121	faster	0.001571164	7.62060000000001e-05	0.001530141	0.001641571	3	True	0.001619257	0.001641571	0.001530141	0.00162813	0.001571164	0.001551003	0.001543972	0.001453154	5.17034999999999e-05	0.001439354	0.001509911	3	True	0.001504182	0.001509911	0.001448357	0.001493055	0.001439354	0.001453154	0.001445473
case122	faster	0.002251896	1.3510499999999735e-05	0.002234971	0.002332929	7	True	0.002332929	0.002246107	0.002251807	0.002251896	0.002234971	0.002269363	0.002255572	0.002055729	5.2850499999999856e-05	0.002000986	0.002141289	7	True	0.002033746	0.002012463	0.002141289	0.002094028	0.002055729	0.002000986	0.002057882
case123	faster	0.001846261	5.665100000000001e-05	0.001739939	0.001958972	2	True	0.001890178	0.001867042	0.001828634	0.001958972	0.001846261	0.001815284	0.001739939	0.001800081	2.150749999999999e-05	0.001795945	0.00183925	2	True	0.00183925	0.001800081	0.001834533	0.001798939	0.001795945	0.00179974	0.001807161
case124	faster	0.002185255	4.565950000000015e-05	0.002133857	0.002256594	3	True	0.002185255	0.002133857	0.002136621	0.002256594	0.002166767	0.002189812	0.002204895	0.002142951	4.60495e-05	0.002083631	0.002190873	3	True	0.002190873	0.002107718	0.002174779	0.002142951	0.002120507	0.002145545	0.002083631
case125	faster	0.001363539	3.569899999999993e-05	0.001253542	0.001395507	2	True	0.001253542	0.001375286	0.001363539	0.001395507	0.001375156	0.001341395	0.001337649	0.001253502	7.814249999999997e-05	0.001198449	0.001329646	2	True	0.001283897	0.001198449	0.001203066	0.001329646	0.001217367	0.001292821	0.001253502
case126	slower	0.001475208	2.7456500000000092e-05	0.001464722	0.001532425	5	True	0.001508018	0.001468498	0.001472554	0.001487947	0.001532425	0.001464722	0.001475208	0.001628811	3.2273499999999934e-05	0.001560838	0.001649803	5	True	0.001560838	0.001603613	0.001631275	0.001603252	0.001628811	0.001640137	0.001649803
case127	faster	0.00285392	7.519400000000022e-05	0.002769402	0.003048715	9	True	0.002825216	0.00295267	0.00285392	0.002871496	0.002769402	0.003048715	0.002848562	0.001837878	5.224950000000004e-05	0.001783135	0.001933974	9	True	0.001788083	0.001875996	0.001837878	0.001933974	0.001783135	0.00183897	0.001822384
case128	faster	0.002150802	6.144000000000028e-06	0.002109721	0.002163362	2	True	0.002163362	0.002150773	0.002151074	0.002109721	0.002162089	0.002150802	0.002150102	0.001346082	1.849300000000007e-05	0.001315596	0.001353514	2	True	0.001315596	0.001348827	0.001321074	0.001353513	0.001346082	0.00134428	0.001353514
case129	faster	0.00427131	0.0004156355000000003	0.003385836	0.004320494	6	True	0.003536094	0.003385836	0.004228274	0.004312502	0.004320494	0.004283137	0.00427131	0.003568554	7.106200000000021e-05	0.003387129	0.003635085	6	True	0.003568554	0.003590016	0.003635085	0.003584678	0.003535193	0.003497377	0.003387129
case130	slower	0.002169892	5.656100000000011e-05	0.002092515	0.002206007	2	True	0.002206007	0.00214259	0.00214896	0.002092515	0.002169892	0.002199717	0.002204955	0.002342724	0.00040839549999999994	0.002258767	0.002891577	2	True	0.002300209	0.002258767	0.002314791	0.002891577	0.002342724	0.002759877	0.002671914
case131	faster	0.003316912	7.940099999999978e-05	0.003279555	0.003476344	3	True	0.003399317	0.003280947	0.003336592	0.003316912	0.003476344	0.00329616	0.003279555	0.002138504	5.339149999999959e-05	0.00204959	0.002293379	3	True	0.002293379	0.002149401	0.002108979	0.002138504	0.00204959	0.002079595	0.002145956
case132	faster	0.003287297	4.063699999999962e-05	0.003245143	0.00333556	3	True	0.003254687	0.00333556	0.003287297	0.003249179	0.003296191	0.003288949	0.003245143	0.002092985	7.62509999999994e-05	0.002011702	0.002146336	3	True	0.00212235	0.002092985	0.002146336	0.002019944	0.00204362	0.002011702	0.002093716
case133	slower	0.002476286	0.00010227549999999993	0.002364567	0.002596669	4	True	0.002513163	0.002476286	0.002548095	0.002596669	0.00242597	0.002364567	0.002430737	0.003740825	0.0001618409999999998	0.003637718	0.00396171	4	True	0.003866936	0.003740825	0.003639591	0.003686993	0.00378333	0.003637718	0.00396171
case134	slower	0.004959134	8.22100000000001e-05	0.004902017	0.005144725	14	True	0.005087509	0.004968608	0.004959134	0.005144725	0.004934496	0.004902017	0.004957201	0.007489121	0.0001492964999999999	0.007352594	0.007676275	14	True	0.007602123	0.007676275	0.00756037	0.007352594	0.007489121	0.007480138	0.007383762
case135	slower	0.002725255	0.0012163255	0.002562186	0.003917183	6	True	0.003917183	0.003909311	0.003875379	0.002562186	0.002691824	0.002660215	0.002725255	0.00432401	0.00016755450000000005	0.004096965	0.004643294	6	True	0.00432401	0.004643294	0.004368277	0.004216637	0.004146901	0.004096965	0.00433037
case136	slower	0.001747511	2.9209500000000046e-05	0.001709032	0.00185851	2	True	0.001709032	0.001735543	0.001762634	0.001747511	0.00185851	0.001717496	0.001748824	0.002586153	0.00010520899999999977	0.002505511	0.002861121	2	True	0.002861121	0.002678153	0.0025771	0.002546794	0.002505511	0.002656159	0.002586153
case137	faster	0.003353818	0.00024396550000000024	0.002957447	0.003506139	3	True	0.003162567	0.002957447	0.003432938	0.003185122	0.003402682	0.003353818	0.003506139	0.002947671	0.00014002200000000006	0.002813909	0.003142166	3	True	0.003014212	0.002947671	0.002939289	0.002907711	0.003142166	0.003112832	0.002813909
case138	slower	0.003723388	7.19035000000005e-05	0.003655716	0.004995548	5	True	0.00367816	0.003735697	0.003723388	0.003808998	0.004995548	0.003722728	0.003655716	0.00412701	0.0001039235000000003	0.003650408	0.004236547	5	True	0.004095853	0.00412701	0.004220964	0.00407337	0.004236547	0.004156106	0.003650408
case139	faster	0.002179467	5.020549999999995e-05	0.002119536	0.002243273	2	True	0.002243273	0.002179766	0.002132956	0.002140467	0.002179467	0.002119536	0.002194068	0.00193166	0.00012157900000000013	0.001838699	0.002104223	2	True	0.002104223	0.001885331	0.001838699	0.001849255	0.001989167	0.00193166	0.001988577
case140	faster	0.004539076	0.00026349000000000077	0.004493076	0.00506916	8	True	0.00506916	0.004717457	0.004539076	0.004493076	0.004493577	0.004529571	0.004832671	0.003892325	0.00019841200000000024	0.003762308	0.004548861	8	True	0.003936272	0.00387606	0.004169306	0.004548861	0.003892325	0.003762308	0.003832694
case141	slower	0.002719766	0.00010731299999999994	0.002654968	0.002937497	3	True	0.002807639	0.002754579	0.002937497	0.00267645	0.002719766	0.002671142	0.002654968	0.002751574	5.711650000000002e-05	0.002689541	0.002873369	3	True	0.002798165	0.002751574	0.002733147	0.002757784	0.002708569	0.002689541	0.002873369
case142	faster	0.002399139	5.9369999999999996e-05	0.002365579	0.002454885	2	True	0.002365579	0.002448574	0.002441885	0.002399139	0.002380892	0.002454885	0.002390827	0.002377116	3.242999999999996e-05	0.002317466	0.002411127	2	True	0.002411127	0.002385699	0.002395655	0.002349664	0.002377116	0.00236683	0.002317466
case143	slower	0.004902177	6.291500000000019e-05	0.004855406	0.00504862	3	True	0.004902177	0.004929898	0.004940275	0.004883859	0.00504862	0.004855406	0.004860484	0.004909669	0.00029638449999999997	0.004784007	0.005543089	3	True	0.005543089	0.005321223	0.004784007	0.004802776	0.004843598	0.004909669	0.00491792
case144	slower	0.010309811	5.684600000000102e-05	0.010272564	0.010433699	12	True	0.010288829	0.010433699	0.010391874	0.010309811	0.010310382	0.010299735	0.010272564	0.010631349	0.0004809440000000005	0.010352735	0.011119579	12	True	0.010631349	0.010470495	0.010615074	0.010352735	0.011013108	0.011119579	0.011034349
case145	faster	0.004735433	0.0003256995000000002	0.004675013	0.032283054	2	True	0.004735433	0.004675013	0.004688492	0.004727011	0.004767182	0.032283054	0.00529972	0.003299185	3.0271499999999854e-05	0.003288469	0.003385396	2	True	0.003385396	0.003307818	0.003342461	0.003291874	0.003299185	0.003297862	0.003288469
case146	faster	0.006774907	9.203450000000012e-05	0.006672522	0.007196818	4	True	0.007196818	0.006824393	0.006686704	0.006767858	0.006774907	0.006672522	0.006814238	0.00555702	0.001614804499999999	0.003991625	0.005679166	4	True	0.004032427	0.004000759	0.003991625	0.005646656	0.005679166	0.00555702	0.005616139
case147	slower	0.002157453	3.172799999999953e-05	0.002147008	0.002237545	2	True	0.002156551	0.002147008	0.002157453	0.002152956	0.002209652	0.002163311	0.002237545	0.003226695	8.758249999999985e-05	0.003125561	0.003306607	2	True	0.003240385	0.003163309	0.003125561	0.003140154	0.003306607	0.003226695	0.003238243
case148	slower	0.00309168	6.19885000000004e-05	0.002995174	0.003217311	4	True	0.003217311	0.003070248	0.003003156	0.003104058	0.003093323	0.00309168	0.002995174	0.004305642	7.163400000000011e-05	0.004241855	0.004388758	4	True	0.004305642	0.004363049	0.004309898	0.004282566	0.004388758	0.004241855	0.004247113
case149	slower	0.008801602	0.001796466	0.007721714	0.010308318	8	True	0.008801602	0.008756434	0.010162177	0.010308318	0.010066582	0.007721714	0.007879393	0.010562804	0.00015963199999999983	0.010419236	0.010695064	8	True	0.010477595	0.010419236	0.010695064	0.010515302	0.010562804	0.010673542	0.010638619
case150	slower	0.008923828	0.0010244545000000008	0.007973847	0.009559112	6	True	0.008086547	0.007973847	0.007991974	0.00905079	0.009559112	0.00907664	0.008923828	0.009352828	0.00016362350000000137	0.009289112	0.009948501	6	True	0.009948501	0.009567534	0.009367662	0.009295792	0.009352828	0.009312157	0.009289112
case151	slower	0.011320944	0.00011546449999999889	0.011267894	0.011470461	6	True	0.011317259	0.011267894	0.011295647	0.011418873	0.011470461	0.011320944	0.011424962	0.012573334	0.0007021705	0.011497362	0.013244171	6	True	0.013244171	0.012341172	0.012685164	0.012983226	0.012573334	0.011922877	0.011497362
case152	slower	0.006188117	0.0008091870000000003	0.004632588	0.006346318	2	True	0.006340038	0.006190491	0.006139574	0.004772581	0.004632588	0.006188117	0.006346318	0.006574013	0.00021437000000000019	0.006335581	0.006821348	2	True	0.006649007	0.006555285	0.006821348	0.006706624	0.006335581	0.006371606	0.006574013
case153	faster	0.008845099	0.00016506550000000043	0.00875436	0.009153957	3	True	0.009153957	0.008845099	0.00876052	0.008949206	0.008784627	0.008926072	0.00875436	0.008554257	0.00011375200000000169	0.008426042	0.008669782	3	True	0.008669782	0.008426042	0.008439393	0.008597242	0.008554257	0.008573225	0.00850357
case154	faster	0.015133939	0.0001345995000000006	0.014585015	0.015316155	5	True	0.015133939	0.015195522	0.015113648	0.015316155	0.015225798	0.015038473	0.014585015	0.01392861	0.00010658650000000026	0.013738482	0.014087191	5	True	0.013793085	0.014087191	0.01392861	0.013738482	0.013961309	0.013935701	0.013890752
case155	slower	0.002484259	0.0006216235000000001	0.001927013	0.002607716	9	True	0.002607716	0.002581897	0.002484259	0.00252479	0.001933282	0.001927013	0.001930158	0.002737292	1.4392000000000224e-05	0.002710483	0.002745045	9	True	0.002738775	0.00271569	0.002737844	0.002737292	0.002745045	0.002710483	0.002732145
case156	slower	0.00224073	5.3140999999999605e-05	0.00222139	0.002527064	10	True	0.002308202	0.00222162	0.00222139	0.002527064	0.00224073	0.002258416	0.002238716	0.003088535	2.8133500000000235e-05	0.003071279	0.003127064	10	True	0.003122788	0.003083638	0.003071279	0.003072821	0.003089938	0.003088535	0.003127064
case157	faster	0.003568774	5.199949999999979e-05	0.003469854	0.003600141	6	True	0.003523655	0.003469854	0.003568774	0.003590437	0.003600141	0.003585089	0.003547872	0.003386498	8.46079999999999e-05	0.003291353	0.003466078	6	True	0.003386498	0.003291353	0.003333607	0.003463814	0.003378245	0.003466078	0.003417254
case158	slower	0.002452391	9.273599999999995e-05	0.002390016	0.00256411	2	True	0.002452391	0.002490098	0.00256411	0.00255096	0.002436726	0.002390016	0.00241886	0.002536458	8.481799999999996e-05	0.002488515	0.002667507	2	True	0.0025243	0.002590159	0.002536458	0.002667507	0.002632573	0.002488515	0.002528796
case159	slower	0.008303347	0.00022438049999999946	0.008186779	0.008574427	8	True	0.008303347	0.008254272	0.008244727	0.008186779	0.008428566	0.008519194	0.008574427	0.008732097	3.665600000000123e-05	0.008642591	0.008764737	8	True	0.008711285	0.008746118	0.008642591	0.008764737	0.008699427	0.008737906	0.008732097
case160	faster	0.010201075	0.00010443400000000047	0.010086141	0.010395891	10	True	0.010395891	0.010119722	0.010248939	0.010201075	0.010229298	0.010086141	0.010149647	0.009813347	0.00018840549999999887	0.00954452	0.010370813	10	True	0.010370813	0.009693395	0.009813347	0.009885476	0.009866047	0.009681317	0.00954452
case161	faster	0.00642015	9.230000000000002e-05	0.006296632	0.006582025	2	True	0.006582025	0.006443575	0.006372387	0.00642015	0.0063481	0.006461512	0.006296632	0.006086834	0.00020418	0.006013182	0.006292697	2	True	0.006292697	0.006281509	0.006086834	0.006030227	0.006013182	0.006217872	0.006060794
case162	faster	0.007735024	0.00019174599999999958	0.007591997	0.008141591	2	True	0.008141591	0.007735024	0.007798631	0.007700261	0.007928407	0.007591997	0.007643285	0.007674482	0.00010671749999999897	0.007527649	0.008159889	2	True	0.008159889	0.007674482	0.007591276	0.007527649	0.007624386	0.007713301	0.007715796
case163	slower	0.002898828	5.8694000000000194e-05	0.002852448	0.002970285	2	True	0.002948013	0.002852448	0.002909323	0.002898828	0.002856403	0.002970285	0.002883545	0.002925208	4.91850000000002e-05	0.002903265	0.002990777	2	True	0.002969986	0.002947222	0.002925208	0.002903265	0.002907902	0.002990777	0.002910936
case164	faster	0.002929013	1.669499999999973e-05	0.002888071	0.002939109	2	True	0.002939109	0.002888071	0.002924807	0.002911296	0.002929013	0.002934641	0.002934852	0.002862573	2.119199999999974e-05	0.002853489	0.003031399	2	True	0.003031399	0.002895262	0.002862573	0.002860009	0.002855582	0.002862713	0.002853489
case165	slower	0.003083558	6.600000000000009e-05	0.003012069	0.003307368	2	True	0.003307368	0.003119933	0.003083558	0.003094915	0.003012069	0.003067284	0.003015564	0.003180024	8.684600000000023e-05	0.003095245	0.003350603	2	True	0.003095245	0.003135988	0.003180024	0.003350603	0.003206324	0.00321675	0.003113394
case166	slower	0.003281879	6.816349999999973e-05	0.003181716	0.003389101	2	True	0.003389101	0.003274457	0.003181716	0.003281879	0.003297482	0.003240676	0.003353978	0.003338685	0.00012865900000000015	0.00323718	0.003471226	2	True	0.003427649	0.00328915	0.003338685	0.00323718	0.003471226	0.003419477	0.003300658
case167	slower	0.008547306	4.644100000000123e-05	0.008503149	0.008653257	7	True	0.008653257	0.008544592	0.008547306	0.008594689	0.008572024	0.008529239	0.008503149	0.009722058	0.00013439950000000006	0.009520413	0.009893409	7	True	0.009668516	0.009877284	0.009893409	0.009722058	0.009704582	0.009764613	0.009520413
case168	faster	0.009542005	7.783350000000085e-05	0.009396025	0.009597479	8	True	0.009597479	0.009592612	0.009542005	0.009518149	0.009396025	0.009475123	0.009556327	0.007407267	0.00014444349999999904	0.007162976	0.007482892	8	True	0.007428789	0.007482892	0.007418574	0.007310971	0.007162976	0.007247505	0.007407267
case169	slower	0.005914673	0.0011263439999999996	0.00571496	0.007275217	4	True	0.007275217	0.00590022	0.00571496	0.005761561	0.005914673	0.00665729	0.007257179	0.010309841	0.0053242715	0.005789693	0.011262805	4	True	0.010309841	0.011137155	0.011165147	0.011262805	0.005789693	0.005851467	0.005802292
case170	faster	0.01158218	0.0012019535000000019	0.010680313	0.01262394	8	True	0.01262394	0.012538742	0.012081377	0.01158218	0.010680313	0.010716467	0.011499745	0.008372151	0.0002651575	0.008202853	0.008556451	8	True	0.008211336	0.008291718	0.008556451	0.008202853	0.008526835	0.008506534	0.008372151
case171	faster	0.002723622	7.338599999999994e-05	0.002592012	0.002932629	4	True	0.002741529	0.002592012	0.002932629	0.002698143	0.002728769	0.002625383	0.002723622	0.00248537	0.00011807400000000013	0.002317166	0.002555777	4	True	0.002555777	0.00248537	0.002509046	0.002453172	0.002514675	0.002334401	0.002317166
case172	faster	0.003329501	8.907000000000055e-05	0.003260786	0.003476083	8	True	0.003260786	0.003329501	0.003365175	0.003278443	0.003378886	0.003287478	0.003476083	0.002920069	5.3055499999999506e-05	0.002837715	0.002975164	8	True	0.002936465	0.002920069	0.002975164	0.002911527	0.002943565	0.002837715	0.002862392
case173	faster	0.003990764	0.0009812635000000002	0.003012289	0.004128664	2	True	0.004128664	0.004101181	0.003994389	0.003990764	0.003090598	0.003042445	0.003012289	0.002994523	4.721100000000013e-05	0.002941692	0.003021624	2	True	0.002941692	0.003021624	0.003017076	0.003004277	0.002943535	0.002983396	0.002994523
case174	faster	0.006240047	7.395799999999984e-05	0.006028596	0.006271985	6	True	0.006127345	0.006028596	0.006240047	0.006221448	0.006254188	0.006271985	0.006242521	0.005097974	0.00011082800000000032	0.005013516	0.005256534	6	True	0.005256534	0.00516849	0.005114619	0.005097974	0.005030211	0.005013516	0.005031242
case175	slower	0.002956795	5.406200000000012e-05	0.002923936	0.003023376	9	True	0.002990897	0.002923936	0.002924917	0.002973	0.003023376	0.002956795	0.002930856	0.00444913	9.776849999999955e-05	0.004417111	0.004588051	9	True	0.004588051	0.00444913	0.004510383	0.004562962	0.004447267	0.004430541	0.004417111
case176	slower	0.001604434	2.830800000000011e-05	0.001586737	0.001656313	2	True	0.001656313	0.001586737	0.001604434	0.001601749	0.001593177	0.001627909	0.001623633	0.002541075	9.054699999999985e-05	0.002418389	0.002573754	2	True	0.002541075	0.002549147	0.002488005	0.002573754	0.00255124	0.002431288	0.002418389
case177	faster	0.003356822	5.1353500000000246e-05	0.003321118	0.003429733	12	True	0.003429733	0.00334882	0.003344944	0.003428131	0.00336834	0.003321118	0.003356822	0.003052341	0.00046623750000000016	0.002087307	0.003142227	12	True	0.003052341	0.003125702	0.003132202	0.003142227	0.002314191	0.002087307	0.003011238
case178	faster	0.002255512	3.6049499999999974e-05	0.002205005	0.002284176	4	True	0.002284176	0.002205005	0.002258175	0.002252116	0.002255512	0.002280029	0.002213989	0.001429719	4.059099999999998e-05	0.001400655	0.001539575	4	True	0.001443259	0.001467165	0.001539575	0.001429719	0.001400655	0.001408146	0.001421096
case179	slower	0.006116188	0.00015135449999999911	0.005976466	0.006248339	7	True	0.006204602	0.005976466	0.005994163	0.006085822	0.006116188	0.006248339	0.006178092	0.006953139	0.0009639925000000001	0.005620646	0.007391472	7	True	0.0064335	0.005962655	0.007391472	0.005620646	0.007006939	0.007317201	0.006953139
case180	slower	0.003510826	3.5828500000000506e-05	0.003450835	0.003565028	2	True	0.003510826	0.003475262	0.003519559	0.00350647	0.003565028	0.003450835	0.00353383	0.004202154	0.00010046300000000029	0.004098747	0.004309608	2	True	0.004098747	0.004111777	0.004170056	0.004309608	0.00426517	0.004202154	0.004217589
case181	faster	0.004424261	8.966599999999953e-05	0.004306533	0.004562951	4	True	0.004562951	0.004428949	0.004351431	0.004306533	0.0043573	0.004459114	0.004424261	0.003100473	0.00012070800000000019	0.002950526	0.003219494	4	True	0.003219494	0.00311113	0.00315116	0.003100473	0.003048304	0.002950526	0.00297257
case182	slower	0.003598368	2.008050000000018e-05	0.003560021	0.00364509	3	True	0.003598368	0.003603236	0.00364509	0.00361266	0.003591378	0.003584357	0.003560021	0.006226085	0.0009604025000000006	0.004534799	0.006331495	3	True	0.004535911	0.006313568	0.006159874	0.006331495	0.006303022	0.004534799	0.006226085
case183	slower	0.00337517	3.7396500000000475e-05	0.003281598	0.003439849	4	True	0.003439849	0.003359376	0.00337517	0.003397493	0.003410544	0.003373868	0.003281598	0.003554111	8.111949999999989e-05	0.003505057	0.003620392	4	True	0.003620392	0.003554111	0.003505057	0.003510014	0.003506469	0.003577358	0.003601364
case184	slower	0.003014263	8.908050000000023e-05	0.002989976	0.003202949	3	True	0.003202949	0.003105762	0.002997157	0.002998709	0.003068265	0.002989976	0.003014263	0.003205823	4.663600000000007e-05	0.00313754	0.003274598	3	True	0.003220325	0.003205823	0.003274598	0.00313754	0.003195207	0.0031514	0.003219554
case185	faster	0.002998529	3.811250000000004e-05	0.002945037	0.003083608	2	True	0.003083608	0.002998529	0.002965308	0.00300598	0.002994763	0.002945037	0.003030316	0.00183273	3.473199999999999e-05	0.001784557	0.001864568	2	True	0.001864568	0.001784557	0.00183273	0.001835985	0.001806541	0.001798018	0.001838038
case186	faster	0.008140169	0.00017685299999999939	0.008038013	0.008414504	17	True	0.008414504	0.008140169	0.008260071	0.008313141	0.008111065	0.008108441	0.008038013	0.005103763	3.928450000000028e-05	0.005021438	0.005137373	17	True	0.005105535	0.005128629	0.005021438	0.005071813	0.005083782	0.005103763	0.005137373
case187	faster	0.002581997	3.9936500000000135e-05	0.002484549	0.0026564	2	True	0.0026564	0.002578271	0.002595999	0.002581997	0.002521665	0.00258381	0.002484549	0.002561396	3.341049999999995e-05	0.002535516	0.002598041	2	True	0.002598041	0.002561396	0.002548706	0.002588737	0.002556288	0.002583078	0.002535516
case188	faster	0.006264433	0.00010826499999999975	0.006159854	0.006305395	11	True	0.006305395	0.006305185	0.006174306	0.006279556	0.006193905	0.006264433	0.006159854	0.006105402	2.7401999999999288e-05	0.006062607	0.006182268	11	True	0.006062607	0.006094576	0.006182268	0.006105402	0.006115818	0.006089938	0.0061235
case189	faster	0.003459658	3.709650000000009e-05	0.003421811	0.003549234	2	True	0.003549234	0.003445707	0.003491457	0.003481962	0.003421811	0.003459658	0.003453519	0.002137322	0.00010936099999999966	0.0020169	0.002259227	2	True	0.00215526	0.002130693	0.002259227	0.002137322	0.002248942	0.0020169	0.002054787
case190	faster	0.003865945	8.377699999999929e-05	0.003719412	0.004121241	3	True	0.0038896	0.003865945	0.003818503	0.003950553	0.003719412	0.003854096	0.004121241	0.002304907	5.056150000000035e-05	0.002274931	0.002426731	3	True	0.002274931	0.002304907	0.002284886	0.002296073	0.002366019	0.002426731	0.002316063
case191	faster	0.006804252	0.0012688144999999998	0.004393595	0.007461339	6	True	0.006890502	0.006804252	0.006718352	0.006813116	0.007461339	0.004447637	0.004393595	0.006722718	0.00046143050000000026	0.006566842	0.008396408	6	True	0.006787297	0.006722718	0.008396408	0.007459286	0.006670589	0.006653133	0.006566842
case192	slower	0.00492415	0.00011626650000000002	0.004810388	0.004985192	7	True	0.004834023	0.004839692	0.004945232	0.00492415	0.004985192	0.004810388	0.004961016	0.00701387	0.00026009499999999925	0.006543827	0.007855337	7	True	0.006543827	0.006669057	0.007177258	0.00701387	0.007014922	0.007002933	0.007855337
case193	faster	0.003179653	5.837300000000002e-05	0.003129688	0.003218943	4	True	0.003197992	0.003152132	0.003218943	0.003215728	0.003179653	0.003144842	0.003129688	0.003138911	0.00015804399999999955	0.003034924	0.003381719	4	True	0.00311154	0.003034924	0.003207285	0.003381719	0.003302179	0.003138911	0.003081836
case194	faster	0.004208093	0.00016619200000000077	0.004189616	0.00448926	6	True	0.004313013	0.004208093	0.004189616	0.004198029	0.004409139	0.00448926	0.004191739	0.002727107	7.896499999999985e-05	0.002609589	0.003259054	6	True	0.002797884	0.002791194	0.003259054	0.002727107	0.002714948	0.0027162	0.002609589
case195	slower	0.006243551	0.00011770849999999909	0.006136388	0.006442064	9	True	0.006243551	0.006143429	0.006248729	0.006318355	0.006442064	0.006136388	0.006188238	0.00879352	0.00011162000000000151	0.008681118	0.00885226	9	True	0.008818298	0.008704755	0.008809374	0.008699677	0.00879352	0.00885226	0.008681118
case196	slower	0.003944855	0.00014385800000000018	0.003797881	0.004130666	4	True	0.004130666	0.003944855	0.003876821	0.003906907	0.003962651	0.004108793	0.003797881	0.005381864	6.211400000000027e-05	0.005354883	0.005483038	4	True	0.005365971	0.005483038	0.005426442	0.005373992	0.005354883	0.005437749	0.005381864
case197	faster	0.005363356	4.7212500000000206e-05	0.005292268	0.005411179	7	True	0.005411179	0.005292268	0.005294371	0.005370187	0.00535992	0.005378529	0.005363356	0.005287861	8.123250000000026e-05	0.005244235	0.005355805	7	True	0.005308833	0.005287861	0.00524747	0.005248533	0.005355805	0.005349635	0.005244235
case198	slower	0.004049744	0.0010467129999999995	0.003964674	0.006417625	8	True	0.006417625	0.006058661	0.004053919	0.004049744	0.004049383	0.003964674	0.003969771	0.005927773	2.7191000000000194e-05	0.005825557	0.006027884	8	True	0.005916185	0.0059399	0.005927773	0.005825557	0.005929535	0.006027884	0.005898868
case199	faster	0.00381039	5.108250000000021e-05	0.003745182	0.003857051	2	True	0.00383637	0.00381039	0.003772413	0.003857051	0.003745182	0.003845523	0.003807315	0.002601737	3.5669000000000325e-05	0.002573774	0.002632774	2	True	0.002611902	0.002573774	0.002579983	0.002585052	0.002624471	0.002632774	0.002601737
case200	faster	0.004339082	0.0007653064999999992	0.004015941	0.005117803	3	True	0.005117803	0.004976339	0.004015941	0.005040627	0.004339082	0.004254644	0.004231709	0.003537186	7.407750000000025e-05	0.003512107	0.003637148	3	True	0.003637148	0.003627072	0.003537186	0.003522974	0.003512879	0.003556936	0.003512107
