case_id	panel	group	n_variants	max_iter	timing_eligible	prusie_niter	susieR_niter	prusie_converged	susieR_converged	prusie_seconds	susieR_seconds	speedup	prusie_peak_mib	susieR_peak_mib	memory_ratio	memory_reduction	max_abs_pip_error
region01/gwas	real	GWAS	496	100	True	8	8	True	True	0.005271809	0.145456807687879	27.5914411329923	37.75390625	266.7734375	7.066114847387481	0.8584795150379243	2.9420909729050175e-14
region01/eqtl	real	eQTL	496	100	True	2	2	True	True	0.00284745	0.0553967403247952	19.454859725296387	37.45703125	265.8203125	7.096673271456877	0.8590889052167524	2.951416888663516e-12
region02/gwas	real	GWAS	269	100	True	13	13	True	True	0.003748357	0.176597777754068	47.11338267781538	37.88671875	266.5390625	7.03515826373853	0.8578567869390626	6.442735234202246e-12
region02/eqtl	real	eQTL	269	100	True	2	2	True	True	0.001804938	0.0504630962386727	27.958354380412345	36.015625	246.71484375	6.8502169197396965	0.8540192213302934	9.725553695716371e-14
region03/gwas	real	GWAS	647	100	True	79	79	True	True	0.041397091	2.15163059812039	51.975405666074224	40.5234375	267.671875	6.605359552727974	0.8486077870527114	1.428280826942796e-10
region03/eqtl	real	eQTL	647	100	True	7	7	True	True	0.006585802	0.182079264894128	27.647242491366733	40.375	269.796875	6.682275541795666	0.8503503793363063	1.466541055261672e-09
region04/gwas	real	GWAS	524	100	True	43	43	True	True	0.020896415	0.904642014764249	43.29173280508876	38.8671875	267.1875	6.874371859296482	0.85453216374269	5.696654259423894e-10
region04/eqtl	real	eQTL	524	100	True	6	6	True	True	0.005155733	0.189704244025052	36.794815407441	39.5	267.671875	6.776503164556962	0.8524312649582628	3.228948254607733e-10
region05/gwas	real	GWAS	323	100	True	36	36	True	True	0.010595106	0.56435998249799	53.266100640993116	38.05859375	267.0546875	7.01693523555373	0.8574876400549981	1.3848665617044453e-10
region05/eqtl	real	eQTL	323	100	True	3	3	True	True	0.002244045	0.0690603442490101	30.774937333703246	37.85546875	261.046875	6.895882777835105	0.8549859340396241	3.7927597347497954e-10
region06/gwas	real	GWAS	268	100	True	28	28	True	True	0.006187358	0.426237434148788	68.88843899913147	37.3046875	267.02734375	7.1580104712041885	0.8602963764829796	2.379322849854759e-10
region06/eqtl	real	eQTL	268	100	True	9	9	True	True	0.002971398	0.148939633741975	50.1244309049057	35.61328125	266.20703125	7.474936931008007	0.8662196070375208	6.855419565354737e-10
region07/gwas	real	GWAS	278	100	True	6	6	True	True	0.002336606	0.0858171908184886	36.72728342668323	37.9375	264.3515625	6.968080724876441	0.8564884593787865	1.3247414831774051e-09
region07/eqtl	real	eQTL	278	100	True	6	6	True	True	0.001974946	0.0868827058002353	43.99244627459956	35.703125	265.13671875	7.4261487964989055	0.8653406998158379	1.5925696872365336e-09
region08/gwas	real	GWAS	4162	100	True	12	12	True	True	0.082939864	7.10416166204959	85.65436835114161	172.80859375	880.63671875	5.09602387034065	0.8037685800845447	1.297917939790949e-09
region08/eqtl	real	eQTL	4162	100	True	5	5	True	True	0.088296381	4.64799376856536	52.64081852420838	180.17578125	1072.48828125	5.952455284552846	0.832002097925021	2.5329649488980976e-09
region09/gwas	real	GWAS	188	100	True	2	2	True	True	0.001519015	0.0478638829663396	31.509815878276118	37.4453125	245.25390625	6.549655747965783	0.8473202197977223	1.114258685319669e-10
region09/eqtl	real	eQTL	188	100	True	2	2	True	True	0.001375357	0.0389236584305763	28.3007673139238	37.48828125	245.46875	6.547879545691362	0.8472788033099936	3.736010632804376e-12
region10/gwas	real	GWAS	364	100	True	9	9	True	True	0.003592762	0.144932175055146	40.34004341371513	38.2734375	266.76171875	6.9698918146560525	0.8565257500988417	8.905536308390083e-10
region10/eqtl	real	eQTL	364	100	True	19	19	True	True	0.006721359	0.329455060884356	49.01613808819854	36.48046875	267.171875	7.3236963272298965	0.8634569273056905	1.2596531803743538e-10
region11/gwas	real	GWAS	449	100	True	4	4	True	True	0.003086543	0.0856113573536277	27.73697218980189	37.00390625	265.75390625	7.181779795207432	0.8607587494304234	3.470616849465813e-10
region11/eqtl	real	eQTL	449	100	True	2	2	True	True	0.002220539	0.0545325521379709	24.558250108631686	38.24609375	260.3671875	6.80768052292922	0.853107090347166	6.731282198302324e-13
region12/gwas	real	GWAS	469	100	True	7	7	True	True	0.004922299	0.161409337073565	32.79145315503284	38.7890625	266.328125	6.866062437059416	0.8543561161630977	1.2994894049711547e-10
region12/eqtl	real	eQTL	469	100	True	22	22	True	True	0.010095137	0.427626577205956	42.35966061738003	38.9296875	266.78515625	6.85300020068232	0.854078510037044	7.4498016089386e-10
region13/gwas	real	GWAS	200	100	True	2	2	True	True	0.001447877	0.0471092890948057	32.53680326077816	37.4453125	245.3046875	6.551011892343	0.8473518264912896	2.138457466660526e-11
region13/eqtl	real	eQTL	200	100	True	4	4	True	True	0.001728282	0.0838793898001313	48.533393161608636	37.2890625	250.03515625	6.7053216006704375	0.8508647221484479	2.5443763762567073e-10
region14/gwas	real	GWAS	369	100	True	74	74	True	True	0.019972194	1.11732513736933	55.94403586152478	36.390625	267	7.337054529841134	0.8637055243445693	8.875693513488159e-10
region14/eqtl	real	eQTL	369	100	True	3	3	True	True	0.002235943	0.0739657087251544	33.08031945588703	38.05859375	267.07421875	7.0174484245099045	0.857498062043849	6.77521459074848e-10
region15/gwas	real	GWAS	378	100	True	13	13	True	True	0.005448798	0.220390308648348	40.447509459581354	37.765625	266.80078125	7.064646255688871	0.8584500958990351	1.346673661473119e-09
region15/eqtl	real	eQTL	378	100	True	2	2	True	True	0.002156551	0.0486702881753445	22.568577406861465	38.6484375	255.3828125	6.607843137254902	0.8486646884272997	2.2620516570981408e-10
region16/gwas	real	GWAS	352	100	True	7	7	True	True	0.003712281	0.167268373072147	45.05811199964308	37.703125	266.44921875	7.067032739328637	0.8584978962337453	9.139610901431894e-09
region16/eqtl	real	eQTL	352	100	True	4	4	True	True	0.002653745	0.0800336711108685	30.158764730924975	36.44140625	265.62109375	7.288991317397363	0.862806805982441	9.373026105263804e-10
region17/gwas	real	GWAS	291	100	True	4	4	True	True	0.002421072	0.061595406383276	25.441377366421158	37.421875	257.30078125	6.875678496868476	0.8545598081039639	1.1684041512083354e-09
region17/eqtl	real	eQTL	291	100	True	2	2	True	True	0.001863356	0.0500719100236893	26.871896740982024	37.796875	248.7578125	6.58143861099628	0.8480575358814108	2.23573104474184e-11
region18/gwas	real	GWAS	260	100	True	2	2	True	True	0.001301644	0.0378743102774024	29.09728795077794	35.64453125	246.546875	6.916821917808219	0.8554249318714747	2.900116709281253e-10
region18/eqtl	real	eQTL	260	100	True	2	2	True	True	0.001364359	0.0537945879623294	39.42847004514896	37.48828125	246.60546875	6.578201521308742	0.8479827659945194	3.169478568487705e-11
region19/gwas	real	GWAS	193	100	True	9	9	True	True	0.002171323	0.120802965015173	55.635649332307075	37.3828125	259.859375	6.951306165099268	0.8561421441885635	4.4535375387511067e-10
region19/eqtl	real	eQTL	193	100	True	6	6	True	True	0.001986574	0.0784534048289061	39.491810941302006	35.828125	251.39453125	7.016681203663323	0.8574824805382476	3.7955281972923416e-10
region20/gwas	real	GWAS	1357	100	True	13	13	True	True	0.020646008	0.90470901876688	43.820045926887175	51.88671875	307.4140625	5.924715802153128	0.8312155327962591	4.3913128688899405e-10
region20/eqtl	real	eQTL	1357	100	True	16	16	True	True	0.025341421	1.21645402163267	48.002597077435794	52.25	307.375	5.882775119617225	0.8300122000813339	8.96993951338132e-10
region21/gwas	real	GWAS	1286	100	True	6	6	True	True	0.014911471	0.5612025083974	37.63562350068615	50.7109375	288.7421875	5.693883839161916	0.8243729538136855	6.990028555975414e-10
region21/eqtl	real	eQTL	1286	100	True	4	4	True	True	0.013786795	0.379184113815427	27.50342728788141	50.53125	288.6640625	5.712585034013605	0.8249479011610599	2.183911662623217e-10
region22/gwas	real	GWAS	368	100	True	4	4	True	True	0.002818285	0.114529632031918	40.63805897271497	37.8359375	266.5625	7.045219905017551	0.8580597889800703	9.351929786127755e-10
region22/eqtl	real	eQTL	368	100	True	3	3	True	True	0.00249874	0.0628713276237249	25.161212300489403	37.82421875	262.43359375	6.938242280285036	0.8558712769599452	5.5349183569752824e-09
region23/gwas	real	GWAS	357	100	True	7	7	True	True	0.003507892	0.149899242445827	42.73200042812806	38.26171875	266.34375	6.961102603369066	0.8563445969728969	7.062039009131382e-10
region23/eqtl	real	eQTL	357	100	True	4	4	True	True	0.003274628	0.108632690273225	33.17405527382805	38.08203125	266.59375	7.000512873115191	0.8571533231743055	1.2563936419018873e-09
region24/gwas	real	GWAS	1397	100	True	3	3	True	True	0.013485709	0.343318202532828	25.457927538910116	52.79296875	340.40625	6.447946725860155	0.8449118700082622	3.761671529822763e-12
region24/eqtl	real	eQTL	1397	100	True	2	2	True	True	0.010538477	0.271489496342838	25.761739228812473	52.6953125	310.77734375	5.897627872498147	0.8304403021656883	9.331715955518405e-11
region25/gwas	real	GWAS	3265	100	True	100	100	False	False	0.221265861	29.4914473332465	133.2851222504971	122.34765625	635.25390625	5.192203314070432	0.8074035357417371	2.065689286290251e-11
region25/eqtl	real	eQTL	3265	100	True	6	6	True	True	0.06213035	5.5633949553594	89.54391783338417	127.20703125	837.96484375	6.58740979579303	0.8481952647551033	3.494858881458729e-10
region26/gwas	real	GWAS	300	100	True	10	10	True	True	0.003476976	0.153697673231363	44.20441016313112	37.6953125	266.66796875	7.074300518134715	0.8586432683434163	1.225884421751644e-09
region26/eqtl	real	eQTL	300	100	True	2	2	True	True	0.002072854	0.0481536686420441	23.230612788958656	37.44921875	249.44921875	6.660999269844581	0.8498723750763401	8.720024702313367e-11
region27/gwas	real	GWAS	339	100	True	4	4	True	True	0.002467363	0.079836986027658	32.35721133358083	38.40234375	266.09765625	6.929203539823009	0.855683269476373	8.146192262414864e-10
region27/eqtl	real	eQTL	339	100	True	5	5	True	True	0.003180154	0.0908217718824744	28.55892258125688	37.80078125	266.39453125	7.047328717577762	0.8581022625628694	7.850152194954774e-10
region28/gwas	real	GWAS	358	100	True	5	5	True	True	0.003030828	0.0838005905970931	27.6494049141334	36.55078125	266.3046875	7.285882227209576	0.8627482618006865	3.9202804891225185e-10
region28/eqtl	real	eQTL	358	100	True	2	2	True	True	0.001499134	0.0477944631129503	31.881381592939853	36.4609375	254.64453125	6.984036854510392	0.8568163340440872	7.275584856802908e-10
region29/gwas	real	GWAS	323	100	True	2	2	True	True	0.001689714	0.055760177783668	32.99977261457738	37.984375	250.9375	6.606334841628959	0.8486301369863014	7.771561172376096e-16
region29/eqtl	real	eQTL	323	100	True	5	5	True	True	0.002434604	0.105534184724092	43.347577151804565	38.05859375	266.3046875	6.997228779636663	0.8570862792266847	3.031764561622907e-10
region30/gwas	real	GWAS	501	100	True	7	7	True	True	0.005380413	0.14470933098346	26.89558050347808	39.0703125	266.7265625	6.826834633073386	0.853519229079406	2.396545323302135e-09
region30/eqtl	real	eQTL	501	100	True	4	4	True	True	0.003798794	0.118520929478109	31.199620057868103	39.2890625	266.56640625	6.784748458938159	0.8526106006652892	7.75881286302349e-11
region31/gwas	real	GWAS	518	100	True	16	16	True	True	0.008626517	0.276449869386852	32.046522297104616	39.265625	267.29296875	6.807302029446876	0.8530989229397752	1.1978534275591812e-09
region31/eqtl	real	eQTL	518	100	True	3	3	True	True	0.003142698	0.0863226382061839	27.467684838372598	39.67578125	266.6796875	6.721472875849168	0.851223084810312	1.2204965815776347e-08
region32/gwas	real	GWAS	107	100	True	19	19	True	True	0.002373181	0.230499983765185	97.12701381191954	37.3359375	266.32421875	7.133186859175559	0.8598102054884935	2.274444965699729e-09
region32/eqtl	real	eQTL	107	100	True	7	7	True	True	0.00202383	0.100726061500609	49.770020950677186	36.55078125	245.70703125	6.722346906059634	0.8512424285782421	1.560553741786208e-09
region33/gwas	real	GWAS	346	100	True	9	9	True	True	0.003688586	0.221828700043261	60.13922409380206	38.3046875	266.84765625	6.966449112788089	0.8564548475399997	5.764213481529445e-10
region33/eqtl	real	eQTL	346	100	True	2	2	True	True	0.001947495	0.0491508720442653	25.237996525929617	36.5	254.44140625	6.9709974315068495	0.8565485054577275	2.785965902418752e-13
region34/gwas	real	GWAS	158	100	True	2	2	True	True	0.001202816	0.0532520040869713	44.27277662333333	35.578125	245.38671875	6.897123407992973	0.8550120186567758	3.4416913763379853e-15
region34/eqtl	real	eQTL	158	100	True	2	2	True	True	0.001551183	0.048197285272181	31.071308331886694	37.203125	245.30078125	6.593553128937422	0.8483367039826744	2.4662272224418302e-11
region35/gwas	real	GWAS	271	100	True	5	5	True	True	0.00220196	0.0554257929325104	25.171117065028607	37.6796875	257.1328125	6.824175824175824	0.8534621578099839	1.310885559824282e-09
region35/eqtl	real	eQTL	271	100	True	2	2	True	True	0.001284408	0.0471220957115293	36.6877936851291	36.01171875	248.47265625	6.899772209567198	0.8550676791020139	0.0
region36/gwas	real	GWAS	339	100	True	5	5	True	True	0.002372689	0.0783009584993124	33.00093627918046	37.671875	266.42578125	7.0722729158025714	0.8586027417344769	1.6418090637015936e-09
region36/eqtl	real	eQTL	339	100	True	4	4	True	True	0.002857605	0.0798767413944006	27.95233819733679	38.03125	266.69140625	7.012428101889893	0.8573960423593514	7.131650825442648e-11
region37/gwas	real	GWAS	220	100	True	16	16	True	True	0.003375341	0.204118241555989	60.47336892953601	37.234375	266.40625	7.154846831724717	0.8602346041055718	1.6026407978486645e-10
region37/eqtl	real	eQTL	220	100	True	4	4	True	True	0.002303305	0.074311126023531	32.26282495089925	36.9140625	252.4921875	6.84	0.8538011695906433	1.1504992201982756e-09
region38/gwas	real	GWAS	114	100	True	4	4	True	True	0.001259541	0.0804470749571919	63.87015187055594	37.125	245.21484375	6.605113636363637	0.8486021505376344	3.6907599199054175e-10
region38/eqtl	real	eQTL	114	100	True	2	2	True	True	0.000893716	0.0428819619119167	47.98164283946656	37.296875	245.1953125	6.574151654796816	0.8478891190058946	3.914715773767341e-13
region39/gwas	real	GWAS	179	100	True	2	2	True	True	0.000952586	0.0490492088720202	51.4905833930167	35.77734375	245.38671875	6.85871820067693	0.8542001623712571	2.345346139520643e-15
region39/eqtl	real	eQTL	179	100	True	2	2	True	True	0.001050824	0.0475275600329041	45.22884901078021	37.25	245.42578125	6.588611577181208	0.8482229543682058	1.206647004536876e-10
region40/gwas	real	GWAS	524	100	True	9	9	True	True	0.005739128	0.210032465867698	36.5965815482244	39.421875	267.1875	6.777645659928656	0.8524561403508772	2.477067370665331e-10
region40/eqtl	real	eQTL	524	100	True	4	4	True	True	0.00359208	0.0891779633238912	24.826274282279684	39.20703125	266.6328125	6.800637640729302	0.8529549649857893	1.2698608831129832e-10
region41/gwas	real	GWAS	475	100	True	5	5	True	True	0.004098107	0.0995968310162425	24.303130937343145	38.85546875	266.5	6.8587513823263295	0.8542008677298312	1.7177106959032074e-10
region41/eqtl	real	eQTL	475	100	True	2	2	True	True	0.002538301	0.0577807556837797	22.763555497862427	37.27734375	266.109375	7.138635649166929	0.8599172097939052	1.7524751996789156e-09
region42/gwas	real	GWAS	1675	100	True	18	18	True	True	0.028137261	1.8279912257567	64.96692146960217	59.16015625	371.00390625	6.271178606800924	0.8405403413457995	2.59816482217623e-09
region42/eqtl	real	eQTL	1675	100	True	6	6	True	True	0.020865167	0.64987769164145	31.14653679222649	60.953125	323.97265625	5.315111509869264	0.8118571928089996	1.1234317642827563e-10
region43/gwas	real	GWAS	178	100	True	2	2	True	True	0.001143936	0.0475096618756652	41.531748170933696	37.56640625	245.26953125	6.528959134865342	0.8468362292758286	3.2018832030189515e-13
region43/eqtl	real	eQTL	178	100	True	2	2	True	True	0.001246401	0.0440769754350185	35.36339864539462	37.46875	245.53125	6.552960800667223	0.8473972254040982	9.459056801719434e-13
region44/gwas	real	GWAS	375	100	True	8	8	True	True	0.003636906	0.142151361331344	39.08579471983714	38.33984375	266.42578125	6.949057564951604	0.8560955941646506	3.7671098879199505e-10
region44/eqtl	real	eQTL	375	100	True	2	2	True	True	0.002188219	0.0501897754147649	22.936358479094142	38.55859375	254.55078125	6.601661432478979	0.848522980127369	1.133953486665007e-10
region45/gwas	real	GWAS	1722	100	True	6	6	True	True	0.016703716	0.805609337054193	48.22934831112987	60.41015625	411.0078125	6.803621079857743	0.8530194453420518	1.1921141851445327e-10
region45/eqtl	real	eQTL	1722	100	True	3	3	True	True	0.017013998	0.477222342044115	28.04880675571462	61.171875	343.2265625	5.6108556832694765	0.8217740650536043	2.2384638587169547e-10
region46/gwas	real	GWAS	237	100	True	5	5	True	True	0.001747451	0.0718819843605161	41.13533618997963	35.88671875	252.48828125	7.035702623272015	0.8578677847053545	1.7187089251802234e-10
region46/eqtl	real	eQTL	237	100	True	5	5	True	True	0.002172805	0.0997215025126934	45.895283982084635	36.99609375	258.390625	6.98426776475557	0.8568210679083268	4.2956870005550485e-10
region47/gwas	real	GWAS	516	100	True	9	9	True	True	0.005795791	0.190132438205183	32.80526130172448	38.8125	267.2890625	6.886674718196457	0.8547920381141672	1.6849227568727088e-09
region47/eqtl	real	eQTL	516	100	True	3	3	True	True	0.00317087	0.0874272184446454	27.57199710005311	39.29296875	266.62890625	6.785664578983995	0.8526304994359553	1.6336476615919082e-10
region48/gwas	real	GWAS	974	100	True	6	6	True	True	0.011508898	0.320474963635206	27.84584272405629	43.23828125	308.1953125	7.127834492727437	0.8597049354863241	6.690137333009716e-11
region48/eqtl	real	eQTL	974	100	True	2	2	True	True	0.006080574	0.113170170225203	18.611757742805693	44.34765625	280.328125	6.321148595085	0.8418009029597012	2.7056912266232302e-11
region49/gwas	real	GWAS	278	100	True	11	11	True	True	0.003337203	0.170327565632761	51.039018493259476	37.90234375	266.56640625	7.03297949087911	0.8578127518647147	8.196786305258996e-11
region49/eqtl	real	eQTL	278	100	True	2	2	True	True	0.001561709	0.0494440337643027	31.660209273496342	37.95703125	247.984375	6.533292168364722	0.8469378111020099	4.9903581267329855e-11
region50/gwas	real	GWAS	260	100	True	17	17	True	True	0.004604215	0.251215463504195	54.562061829040346	37.74609375	267.06640625	7.07533892165994	0.8586640143924879	6.742885763633133e-10
region50/eqtl	real	eQTL	260	100	True	2	2	True	True	0.001352581	0.0438620364293456	32.428399060274835	37.4375	246.87109375	6.594219532554257	0.8483520308865646	1.731215726330504e-10
region51/gwas	real	GWAS	320	100	True	15	15	True	True	0.00547822	0.252294216305017	46.05404972874712	37.77734375	266.8125	7.062764967428394	0.8584123916608105	1.2749019895341718e-10
region51/eqtl	real	eQTL	320	100	True	4	4	True	True	0.002139766	0.0942516690120101	44.04765241246477	37.78125	265.9453125	7.0390818858560795	0.8579360183308363	1.3483524297086547e-09
region52/gwas	real	GWAS	294	100	True	3	3	True	True	0.002327401	0.0690235393121839	29.656917442324676	37.421875	256.09765625	6.843528183716075	0.8538765424566435	1.1976808433900032e-12
region52/eqtl	real	eQTL	294	100	True	2	2	True	True	0.001689713	0.0535056181252003	31.665506583189156	36.421875	250.24609375	6.870763620763621	0.8544557701013065	0.0
region53/gwas	real	GWAS	328	100	True	15	15	True	True	0.005032605	0.291961461305618	58.01398307747539	37.40625	266.9609375	7.136800334168755	0.8598811858008253	3.8079928099676863e-10
region53/eqtl	real	eQTL	328	100	True	2	2	True	True	0.001663424	0.0472708316519856	28.417788640770844	38.21875	250.94140625	6.565923957481602	0.8476985102971623	7.934305989998336e-11
region54/gwas	real	GWAS	272	100	True	5	5	True	True	0.00259748	0.106779718771577	41.108966679850084	35.97265625	265.56640625	7.38245194918015	0.864543649334412	3.9181657918163637e-10
region54/eqtl	real	eQTL	272	100	True	2	2	True	True	0.00191809	0.0566180823370814	29.517948760006778	37.7265625	248.0625	6.57527438393042	0.847915091962711	2.8036684085464003e-10
region55/gwas	real	GWAS	167	100	True	2	2	True	True	0.001357059	0.0483703399077058	35.643505483332554	36.71484375	245.48046875	6.686136823066284	0.8504368028260905	9.18709552877317e-14
region55/eqtl	real	eQTL	167	100	True	2	2	True	True	0.001032406	0.0406694477424026	39.39288200804974	37.4453125	245.33203125	6.551742123930732	0.8473688400605047	3.952332905399203e-11
region56/gwas	real	GWAS	402	100	True	2	2	True	True	0.002388643	0.0558024160563946	23.361555517670322	36.8828125	260.36328125	7.0592035585681	0.8583409598967788	2.578443014655818e-11
region56/eqtl	real	eQTL	402	100	True	7	7	True	True	0.003978405	0.122326868586242	30.74771638036902	38.5078125	266.32421875	6.916108744167174	0.8554100236143094	4.1946704096296195e-10
region57/gwas	real	GWAS	138	100	True	4	4	True	True	0.001591044	0.0659457137808204	41.44807672246676	37.11328125	245.44921875	6.613514366908746	0.8487944616853664	4.674038933671909e-13
region57/eqtl	real	eQTL	138	100	True	2	2	True	True	0.001317068	0.0416510282084346	31.62405297861204	37.0078125	245.265625	6.62740130884526	0.8491112951519398	9.561518243828004e-13
region58/gwas	real	GWAS	395	100	True	4	4	True	True	0.002743682	0.0958977350965142	34.95220477318953	38.1875	266.5859375	6.980973813420622	0.8567535093631862	4.551888033166307e-10
region58/eqtl	real	eQTL	395	100	True	2	2	True	True	0.002434303	0.0525802988559008	21.59973464926133	38.26171875	256.40625	6.701378254211332	0.8507769652650823	5.544731340734188e-13
region59/gwas	real	GWAS	103	100	True	4	4	True	True	0.001425242	0.056784606538713	39.842080529982276	37.015625	245.2890625	6.626635711270579	0.8490938624709368	4.959012887828518e-10
region59/eqtl	real	eQTL	103	100	True	2	2	True	True	0.000878793	0.0369964670389891	42.09918267326788	37.26171875	245.3203125	6.583708984170248	0.8481099328046877	8.990586053414518e-13
region60/gwas	real	GWAS	362	100	True	5	5	True	True	0.003095947	0.113245444372296	36.57861209261528	38.19921875	266.55859375	6.978116371817159	0.8566948519175251	1.536076821295751e-12
region60/eqtl	real	eQTL	362	100	True	2	2	True	True	0.001818278	0.052996851503849	29.14672646528694	36.73046875	253.5	6.901627140274381	0.8551066321499013	8.704026388528519e-11
region61/gwas	real	GWAS	155	100	True	3	3	True	True	0.001591806	0.0392293445765972	24.644551268557347	37.40234375	245.2578125	6.557284595300261	0.8474978498391361	1.6601771346547167e-10
region61/eqtl	real	eQTL	155	100	True	7	7	True	True	0.002009498	0.134440018795431	66.90229042050849	37.1015625	256.75	6.920193724994736	0.8554953748782863	2.902853617203771e-10
region62/gwas	real	GWAS	303	100	True	2	2	True	True	0.001813261	0.0455304849892855	25.109724959222913	36.1796875	251.2578125	6.944720362772619	0.8560057212151364	9.210479601229338e-13
region62/eqtl	real	eQTL	303	100	True	3	3	True	True	0.002150563	0.0677417907863855	31.499561178345157	37.3671875	255.59765625	6.840163077566381	0.8538046551434292	3.477640831556217e-11
region63/gwas	real	GWAS	112	100	True	2	2	True	True	0.000802618	0.0374315585941076	46.636829219015276	36.46484375	245.546875	6.733797536154258	0.8514953865733376	1.4473677811821517e-10
region63/eqtl	real	eQTL	112	100	True	5	5	True	True	0.001579146	0.0819256510585546	51.87971920174233	36.96875	245.4609375	6.639687235841082	0.8493904961965689	8.873836110367961e-10
region64/gwas	real	GWAS	121	100	True	9	9	True	True	0.001390009	0.111098909750581	79.92675569048905	35.1953125	252.359375	7.170255271920089	0.8605349513961984	6.722664716574123e-10
region64/eqtl	real	eQTL	121	100	True	2	2	True	True	0.001010613	0.0346138924360275	34.25039301495973	37.08203125	245.28125	6.614558095438745	0.8488183208051981	8.193584699611733e-11
region65/gwas	real	GWAS	354	100	True	6	6	True	True	0.003224812	0.123358128592372	38.25281244065452	38.2109375	266.703125	6.979758740543856	0.8567285722655106	3.995637154474707e-12
region65/eqtl	real	eQTL	354	100	True	2	2	True	True	0.002250835	0.0472506349906325	20.992491671149818	37.98828125	253.2734375	6.667146529562982	0.8500107961380672	1.1082988971011787e-09
region66/gwas	real	GWAS	277	100	True	3	3	True	True	0.001903939	0.0613403003662825	32.217576490781745	37.51171875	252.1875	6.722899094033115	0.8512546468401487	3.3506600272126263e-11
region66/eqtl	real	eQTL	277	100	True	3	3	True	True	0.001748923	0.0439522005617619	25.13100951943676	37.78125	254.57421875	6.738110008271299	0.8515904313268171	1.0879526099460968e-09
region67/gwas	real	GWAS	274	100	True	4	4	True	True	0.002034306	0.0858744224533439	42.213129417768954	37.80078125	259.1328125	6.8552237263614755	0.8541258403931382	2.2726653892135573e-11
region67/eqtl	real	eQTL	274	100	True	14	14	True	True	0.004324651	0.275359656661749	63.67211057302636	37.6875	266.86328125	7.080949419568823	0.8587760001171012	5.581605733162576e-10
region68/gwas	real	GWAS	284	100	True	6	6	True	True	0.00263623	0.0714146047830582	27.08967153209629	35.9921875	266.828125	7.413501193835468	0.8651109679686128	7.787792632996116e-11
region68/eqtl	real	eQTL	284	100	True	2	2	True	True	0.001523211	0.0471886713057756	30.97973380298304	35.765625	249.1953125	6.967453036260376	0.8564755306141644	4.070047632254159e-10
region69/gwas	real	GWAS	408	100	True	3	3	True	True	0.002625744	0.0805758545175195	30.68686609110389	38.66796875	265.84375	6.875037882614405	0.8545462560244504	1.0658141036401503e-14
region69/eqtl	real	eQTL	408	100	True	5	5	True	True	0.003412958	0.0844189953058958	24.73484739803297	37.16796875	266.078125	7.158801891749869	0.8603118210112162	4.961172445083761e-10
region70/gwas	real	GWAS	334	100	True	2	2	True	True	0.001544604	0.0524241244420409	33.94017135915801	36.34375	253.6875	6.980223559759243	0.8567381128356738	0.0
region70/eqtl	real	eQTL	334	100	True	8	8	True	True	0.003433199	0.122248457744718	35.60774011198244	36.26953125	266.17578125	7.338826063543349	0.8637384247369425	2.754581909791831e-10
region71/gwas	real	GWAS	232	100	True	3	3	True	True	0.001689253	0.0620852317661047	36.75306882160618	35.90234375	249.8984375	6.960504841692961	0.8563322599806171	2.5724734842302865e-11
region71/eqtl	real	eQTL	232	100	True	2	2	True	True	0.001603883	0.0406329659745097	25.334120989192918	35.69921875	245.375	6.873399715504979	0.8545115894039735	1.5543122344752192e-15
region72/gwas	real	GWAS	471	100	True	3	3	True	True	0.002923325	0.0823254603892565	28.161583261955652	38.4453125	266.5078125	6.932127616338143	0.8557441444610558	1.2717604747081168e-13
region72/eqtl	real	eQTL	471	100	True	12	12	True	True	0.005955205	0.223100175149739	37.46305545312697	37.2578125	266.81640625	7.161354581673307	0.8603616133518777	2.1085611034976637e-10
region73/gwas	real	GWAS	531	100	True	2	2	True	True	0.003036737	0.0573646910488605	18.89024009944243	39.0625	266.7421875	6.8286	0.8535570980874557	2.4702462297909733e-14
region73/eqtl	real	eQTL	531	100	True	4	4	True	True	0.004714072	0.11907786782831	25.260086784484837	39.1171875	267.03515625	6.826542840023967	0.8535129679203054	2.2194446107348664e-10
region74/gwas	real	GWAS	390	100	True	2	2	True	True	0.002143532	0.0525180175900459	24.500692124048484	36.33984375	258.76953125	7.120821240460066	0.8595667597554533	0.0
region74/eqtl	real	eQTL	390	100	True	4	4	True	True	0.002991077	0.0753909088671207	25.20527183590416	36.58984375	265.52734375	7.256859186505818	0.8621993379919088	1.3277955401846953e-09
region75/gwas	real	GWAS	616	100	True	8	8	True	True	0.006329413	0.224026680923998	35.39454305225429	40.4921875	277.43359375	6.851533860698437	0.854047280458443	1.562814433420101e-09
region75/eqtl	real	eQTL	616	100	True	6	6	True	True	0.005819508	0.176718257367611	30.366528814396506	38.7578125	282.7421875	7.295101793993147	0.8629217208698295	2.2802059199134028e-10
region76/gwas	real	GWAS	622	100	True	6	6	True	True	0.005189483	0.192828468978405	37.15754902336225	38.25390625	287.75390625	7.5222097416522	0.8670603407316908	2.763867239241602e-09
region76/eqtl	real	eQTL	622	100	True	2	2	True	True	0.00314375	0.0736705400049686	23.43396898766397	40.3515625	266.4296875	6.6027105517909	0.8485470486467466	1.4591883257253357e-11
region77/gwas	real	GWAS	839	100	True	3	3	True	True	0.007468281	0.124045926146209	16.609702573618883	42.828125	267.32421875	6.241791317037578	0.83978958135457	1.4929724123646793e-13
region77/eqtl	real	eQTL	839	100	True	5	5	True	True	0.008739329	0.189921168610454	21.731779248779166	43.734375	267.390625	6.113969274740979	0.8364401332320458	3.816789773125606e-09
region78/gwas	real	GWAS	134	100	True	9	9	True	True	0.001602541	0.10221857111901	63.78530790726103	35.3671875	250.19921875	7.074331787055445	0.858643893147648	2.132044540914535e-13
region78/eqtl	real	eQTL	134	100	True	10	10	True	True	0.001995468	0.0986000504344702	49.411992792903824	37.19140625	252.1171875	6.778909778384623	0.852483654054724	2.358525846846149e-09
region79/gwas	real	GWAS	212	100	True	6	6	True	True	0.002276023	0.0899480450898409	39.519831341704766	36.91796875	257.16015625	6.965717913448312	0.8564397794419212	7.60278506817258e-11
region79/eqtl	real	eQTL	212	100	True	2	2	True	True	0.00114018	0.0451199626550078	39.572666293925344	37.3203125	245.37890625	6.57494243248901	0.8479074135982297	3.903481704536915e-12
region80/gwas	real	GWAS	485	100	True	8	8	True	True	0.005077333	0.197001661173999	38.80022467976771	38.58203125	266.83203125	6.915966386554622	0.8554070473876063	1.5327644709017818e-10
region80/eqtl	real	eQTL	485	100	True	10	10	True	True	0.006244514	0.202670302242041	32.455736706177774	39.25390625	266.921875	6.799880585132849	0.8529385939237839	1.0889871955577224e-09
region81/gwas	real	GWAS	798	100	True	2	2	True	True	0.003876565	0.0874342890456319	22.55457835625919	40.55078125	266.484375	6.57162123109527	0.8478305482263266	1.6936452240656763e-12
region81/eqtl	real	eQTL	798	100	True	2	2	True	True	0.004543378	0.632800166495144	139.27966515115935	40.65234375	299.75390625	7.373594695877775	0.8643809374877829	2.7390534285132162e-11
region82/gwas	real	GWAS	339	100	True	2	2	True	True	0.001917041	0.0493834773078561	25.760261417390705	35.94921875	254.32421875	7.074540910572639	0.8586480716359224	0.0
region82/eqtl	real	eQTL	339	100	True	2	2	True	True	0.002024002	0.0478858537971973	23.658995296050744	36.421875	252.66015625	6.9370441870441875	0.8558463845642461	1.2628786905111156e-15
region83/gwas	real	GWAS	321	100	True	2	2	True	True	0.002360834	0.0522166136652231	22.117867526993894	36.1953125	254.1484375	7.021584286639326	0.8575819987089238	8.160312703342498e-14
region83/eqtl	real	eQTL	321	100	True	2	2	True	True	0.001703506	0.0528415814042091	31.019310412883254	37.55859375	250.765625	6.676651066042642	0.850224313041311	9.020562075079397e-16
region84/gwas	real	GWAS	567	100	True	7	7	True	True	0.00524461	0.189547267742455	36.14134659058634	37.99609375	274.57421875	7.22638017888352	0.8616181303438563	2.5254756619297325e-11
region84/eqtl	real	eQTL	567	100	True	8	8	True	True	0.006565696	0.2219661725685	33.80695246452166	38.0625	271.55859375	7.134544334975369	0.8598368791265697	2.4154071520676723e-09
region85/gwas	real	GWAS	653	100	True	4	4	True	True	0.005206662	0.105886179022491	20.336672329122	40.66796875	266.4140625	6.550955719911632	0.8473505175801296	1.0019504254055178e-09
region85/eqtl	real	eQTL	653	100	True	8	8	True	True	0.006954335	0.203626923263073	29.28057438462096	38.6640625	267.1328125	6.909072539907052	0.8552627730822098	1.017901832267576e-09
region86/gwas	real	GWAS	128	100	True	4	4	True	True	0.001453606	0.0657670013606548	45.24403542683148	36.9296875	245.35546875	6.643854453141527	0.8494849628249829	1.350007328149161e-10
region86/eqtl	real	eQTL	128	100	True	8	8	True	True	0.002129903	0.141192449256778	66.2905537279294	36.84375	255.6171875	6.937871077184054	0.8558635655123934	7.3848829273970296e-09
region87/gwas	real	GWAS	534	100	True	2	2	True	True	0.003033124	0.0598338525742292	19.72680727007178	37.85546875	268.39453125	7.089980394180167	0.8589558864195375	4.701270761575671e-10
region87/eqtl	real	eQTL	534	100	True	6	6	True	True	0.004404495	0.165776614099741	37.63805251220424	39.5	267.2578125	6.766020569620253	0.8522026367330234	2.2530869947523513e-09
region88/gwas	real	GWAS	210	100	True	9	9	True	True	0.002327803	0.136252760887146	58.53277141027226	37.2890625	266.52734375	7.1476010894615545	0.8600929196406326	1.842868253831842e-09
region88/eqtl	real	eQTL	210	100	True	2	2	True	True	0.001173771	0.0402630968019366	34.3023441556629	37.23828125	245.34765625	6.588587013531941	0.8482223885112006	2.0454676841197283e-10
region89/gwas	real	GWAS	105	100	True	12	12	True	True	0.0022273	0.198408826254308	89.08042304777443	36.82421875	263.25	7.148827834942187	0.8601169278252612	7.674054725015367e-10
region89/eqtl	real	eQTL	105	100	True	4	4	True	True	0.001494118	0.0792598789557815	53.047937951207	37.23828125	245.5390625	6.593727053393475	0.8483407044449394	4.137024056660721e-11
region90/gwas	real	GWAS	401	100	True	7	7	True	True	0.003196482	0.109231602400541	34.17244408088048	38.5546875	266.32421875	6.907700101317123	0.855234016339342	5.110687845144568e-10
region90/eqtl	real	eQTL	401	100	True	2	2	True	True	0.002045183	0.0472892569378018	23.122261889425936	37.953125	256.59765625	6.760909839440099	0.8520909132427043	7.905662235963007e-12
region91/gwas	real	GWAS	365	100	True	4	4	True	True	0.002451019	0.106491940096021	43.44802716585265	38.4765625	266.30078125	6.921116751269036	0.8555146465609552	7.762379627962446e-11
region91/eqtl	real	eQTL	365	100	True	3	3	True	True	0.002363247	0.0635471781715751	26.88977418423681	36.67578125	260.15234375	7.0933006709979765	0.8590219072358444	6.041022126979101e-10
region92/gwas	real	GWAS	267	100	True	4	4	True	True	0.002018693	0.0606949087232351	30.066438395157217	37.765625	258.0078125	6.831816301199835	0.8536260408781227	1.1791200377198052e-09
region92/eqtl	real	eQTL	267	100	True	3	3	True	True	0.001826312	0.0524722505360842	28.731263078862867	37.6171875	253.55859375	6.740498442367601	0.8516430189028054	1.3694899381189174e-10
region93/gwas	real	GWAS	281	100	True	2	2	True	True	0.002083692	0.0458993744105101	22.027907392508155	37.2109375	248.109375	6.667646441318497	0.8500220416902827	2.263467191454538e-14
region93/eqtl	real	eQTL	281	100	True	17	17	True	True	0.004925033	0.253615587949753	51.49520580872311	37.3828125	266.6328125	7.132497387669802	0.8597966538720736	3.371238843641322e-10
region94/gwas	real	GWAS	288	100	True	2	2	True	True	0.00193088	0.0482502998784184	24.988761537961135	36.09765625	248.875	6.894491938101937	0.8549566800602713	3.886058141944204e-13
region94/eqtl	real	eQTL	288	100	True	11	11	True	True	0.004555313	0.204424233175814	44.87600153399207	37.859375	266.6171875	7.042302930251754	0.8580009962786064	2.797260201248264e-10
region95/gwas	real	GWAS	340	100	True	2	2	True	True	0.002004533	0.0496515650302172	24.769642121240803	38.078125	252.0703125	6.619819450143619	0.8489384782271812	2.789435349370706e-15
region95/eqtl	real	eQTL	340	100	True	3	3	True	True	0.002041278	0.0624200711026788	30.57891727764606	37.83984375	261.33203125	6.906266129864767	0.8552039580873231	5.3158672741471236e-09
region96/gwas	real	GWAS	469	100	True	6	6	True	True	0.003862001	0.143522970378399	37.16285168709149	38.453125	266.94140625	6.941995123933361	0.8559491929701333	7.544836977402269e-10
region96/eqtl	real	eQTL	469	100	True	7	7	True	True	0.004598488	0.161183949559927	35.05151031380901	39.015625	267.09375	6.845814977973569	0.853925353925354	1.6319577911261263e-09
region97/gwas	real	GWAS	267	100	True	4	4	True	True	0.001790908	0.0549552021548152	30.685664565022435	35.71875	254.80078125	7.133530183727034	0.8598169525824403	3.399607262366544e-10
region97/eqtl	real	eQTL	267	100	True	6	6	True	True	0.002520305	0.124366737902164	49.34590769853807	37.63671875	266.5078125	7.081058640373638	0.858778178407059	1.5659304963833165e-09
region98/gwas	real	GWAS	484	100	True	9	9	True	True	0.005427796	0.179445104673505	33.060399593777106	39.37890625	267.14453125	6.783950004959825	0.8525932533009695	9.570807740083564e-10
region98/eqtl	real	eQTL	484	100	True	4	4	True	True	0.003766014	0.0954146040603518	25.335700839229965	37.12890625	266.53125	7.1785376117832715	0.8606958611795053	1.1028230620380164e-09
region99/gwas	real	GWAS	351	100	True	7	7	True	True	0.003139004	0.10637007560581	33.8865689899758	37.734375	266.3359375	7.058178053830228	0.8583203778123258	3.276401372431792e-10
region99/eqtl	real	eQTL	351	100	True	8	8	True	True	0.003647554	0.12946246843785	35.49295457664232	38.15234375	266.55078125	6.986485102897512	0.8568665093717485	1.8829891396121567e-09
region100/gwas	real	GWAS	502	100	True	2	2	True	True	0.002405581	0.0534787690266967	22.231123801982434	37.1640625	265.5546875	7.145469833928947	0.8600511900208879	3.5926123187479675e-14
region100/eqtl	real	eQTL	502	100	True	3	3	True	True	0.003336383	0.0866933865472674	25.98424298027756	39.46875	266.88671875	6.761975455265241	0.8521142221506667	3.6552576937465275e-11
D1	public	Synthetic regression	500	100	True	2	2	True	True	0.004260975	0.125382998026907	29.425893845166186	37.6796875	266.70703125	7.078270785817955	0.858722556644258	5.469399377844297e-10
D2	public	Synthetic regression	500	100	True	2	2	True	True	0.00393506	0.105332545936108	26.76771026009972	39.46875	266.55078125	6.753463974663499	0.8519278397350412	2.007251032054569e-10
D3	public	Synthetic regression	500	100	True	8	8	True	True	0.008058066	0.398921687155962	49.50588480610137	39.51953125	267.38671875	6.76593851932391	0.8522008443996436	7.179837280268941e-10
D4	public	Synthetic regression	500	100	True	2	2	True	True	0.003902871	0.114346163347363	29.297961256562925	39.1953125	266.5703125	6.801076340442496	0.8529644500454265	8.814891039321537e-10
D1_partial_zero	public	Synthetic regression	500	100	False	2	2	True	True								1.604621990836108e-10
D3_strict_purity	public	Synthetic regression	500	100	False	8	8	True	True								7.179837280268941e-10
D3_one_iteration	public	Synthetic regression	500	1	False	1	1	False	False								6.534038587968638e-10
